Accession	Source Database	Name	Tax ID	Tax Name	Length
A0A011VQM7	unreviewed	Ammonium transporter AmtB-like domain-containing protein	1341156	Ruminococcus albus SY3	606
A0A063ZJU6	unreviewed	Ammonium transporter AmtB-like domain-containing protein	1495067	Halostagnicola sp. A56	586
A0A081EVR3	unreviewed	Ammonium transporter AmtB-like domain-containing protein	2248	Halorubrum saccharovorum	559
A0A099I9L1	unreviewed	Ammonium transporter AmtB-like domain-containing protein	1522	Clostridium innocuum	570
A0A0D8IWY3	unreviewed	Ammonium transporter AmtB-like domain-containing protein	1550024	Ruthenibacterium lactatiformans	567
A0A0E2HBL2	unreviewed	Ammonium transporter AmtB-like domain-containing protein	999408	[Clostridium] clostridioforme 90A8	565
A0A0F0CIE1	unreviewed	Ammonium transporter AmtB-like domain-containing protein	1609975	Clostridium sp. FS41	565
A0A0F9HQB3	unreviewed	Ammonium transporter AmtB-like domain-containing protein	412755	marine sediment metagenome	561
A0A0G3WG46	unreviewed	Ammonium transporter AmtB-like domain-containing protein	1408281	Endomicrobium proavitum	559
A0A0G9LEF6	unreviewed	Ammonium transporter AmtB-like domain-containing protein	1667357	Clostridium sp. C8	579
A0A0H5SG89	unreviewed	Ammonium transporter AmtB-like domain-containing protein	1564487	Herbinix hemicellulosilytica	588
A0A0J6WZA7	unreviewed	Ammonium transporter AmtB-like domain-containing protein	1122219	Megasphaera cerevisiae DSM 20462	540
A0A0J6ZRU4	unreviewed	Ammonium transporter AmtB-like domain-containing protein	1122219	Megasphaera cerevisiae DSM 20462	575
A0A0J9EMW5	unreviewed	Ammonium transporter AmtB-like domain-containing protein	742734	[Clostridium] citroniae WAL-19142	565
A0A0M2NHW4	unreviewed	Ammonium transporter AmtB-like domain-containing protein	270498	Christensenella hongkongensis	575
A0A0M6WC26	unreviewed	Ammonium transporter AmtB-like domain-containing protein	301302	Roseburia faecis	583
A0A0M6WCZ2	unreviewed	Ammonium transporter AmtB-like domain-containing protein	39491	Agathobacter rectalis	585
A0A0M9AS13	unreviewed	Ammonium transporter AmtB-like domain-containing protein	1765655	Halorubrum tropicale	575
A0A0R2HL96	unreviewed	Ammonium transporter AmtB-like domain-containing protein	1410657	Kandleria vitulina DSM 20405	559
A0A0S2W112	unreviewed	Ammonium transporter AmtB-like domain-containing protein	1297617	Intestinimonas butyriciproducens	571
A0A0U5JBG5	unreviewed	Ammonium transporter AmtB-like domain-containing protein	1776045	Clostridium sp. C105KSO13	577
A0A0W7TMH6	unreviewed	Ammonium transporter AmtB-like domain-containing protein	1550024	Ruthenibacterium lactatiformans	567
A0A0X8VAS2	unreviewed	Ammonium transporter, Amt family	991789	Anaerotignum propionicum DSM 1682	584
A0A136Q6K1	unreviewed	Ammonium transporter AmtB-like domain-containing protein	626937	Christensenella minuta	566
A0A136WGT4	unreviewed	Ammonium transporter AmtB-like domain-containing protein	36847	Anaerotignum neopropionicum	581
A0A140DTE7	unreviewed	Ammonium transporter AmtB-like domain-containing protein	1702221	Faecalibaculum rodentium	564
A0A143Y517	unreviewed	Ammonium transporter AmtB-like domain-containing protein	140314	Trichococcus palustris	590
A0A143Y9S4	unreviewed	Ammonium transporter AmtB-like domain-containing protein	872292	Trichococcus sp. ES5	597
A0A143YNF2	unreviewed	Ammonium transporter AmtB-like domain-containing protein	140314	Trichococcus palustris	598
A0A143YTA3	unreviewed	Ammonium transporter AmtB-like domain-containing protein	640938	Trichococcus ilyis	559
A0A143YWY4	unreviewed	Ammonium transporter AmtB-like domain-containing protein	140314	Trichococcus palustris	558
A0A143YZV1	unreviewed	Ammonium transporter AmtB-like domain-containing protein	872292	Trichococcus sp. ES5	559
A0A143Z212	unreviewed	Ammonium transporter AmtB-like domain-containing protein	640938	Trichococcus ilyis	597
A0A143ZCA8	unreviewed	Ammonium transporter AmtB-like domain-containing protein	640938	Trichococcus ilyis	588
A0A151AI36	unreviewed	Ammonium transporter AmtB-like domain-containing protein	1008153	Halalkalicoccus paucihalophilus	550
A0A169X118	unreviewed	Ammonium transporter AmtB-like domain-containing protein	1679489	Haladaptatus sp. R4	559
A0A173R3X4	unreviewed	Ammonium transporter AmtB-like domain-containing protein	649756	Anaerostipes hadrus	581
A0A173R662	unreviewed	Ammonium transporter AmtB-like domain-containing protein	39490	Eubacterium ramulus	585
A0A173SMJ4	unreviewed	Ammonium transporter AmtB-like domain-containing protein	301302	Roseburia faecis	583
A0A173TUR6	unreviewed	Ammonium transporter AmtB-like domain-containing protein	39488	Anaerobutyricum hallii	556
A0A173V441	unreviewed	Ammonium transporter AmtB-like domain-containing protein	853	Faecalibacterium prausnitzii	579
A0A173W538	unreviewed	Ammonium transporter AmtB-like domain-containing protein	88431	Dorea longicatena	584
A0A173X4T2	unreviewed	Ammonium transporter AmtB-like domain-containing protein	39491	Agathobacter rectalis	585
A0A173XV88	unreviewed	Ammonium transporter AmtB-like domain-containing protein	40520	Blautia obeum	580
A0A173XVK8	unreviewed	Ammonium transporter AmtB-like domain-containing protein	84024	Clostridium disporicum	567
A0A173Z4K3	unreviewed	Ammonium transporter AmtB-like domain-containing protein	40520	Blautia obeum	570
A0A173ZTK6	unreviewed	Ammonium transporter AmtB-like domain-containing protein	33039	[Ruminococcus] torques	570
A0A174C5U1	unreviewed	Ammonium transporter AmtB-like domain-containing protein	1531	Enterocloster clostridioformis	565
A0A174D1D6	unreviewed	Ammonium transporter AmtB-like domain-containing protein	40520	Blautia obeum	570
A0A174GH26	unreviewed	Ammonium transporter AmtB-like domain-containing protein	418240	Blautia wexlerae	454
A0A174H6C4	unreviewed	Ammonium transporter AmtB-like domain-containing protein	84024	Clostridium disporicum	556
A0A174JG28	unreviewed	Ammonium transporter AmtB-like domain-containing protein	418240	Blautia wexlerae	570
A0A174RYE8	unreviewed	Ammonium transporter AmtB-like domain-containing protein	40520	Blautia obeum	580
A0A174T4F8	unreviewed	Ammonium transporter AmtB-like domain-containing protein	88431	Dorea longicatena	584
A0A174TIU3	unreviewed	Ammonium transporter AmtB-like domain-containing protein	649756	Anaerostipes hadrus	581
A0A174VZ55	unreviewed	Ammonium transporter AmtB-like domain-containing protein	40520	Blautia obeum	570
A0A174XKK3	unreviewed	Ammonium transporter AmtB-like domain-containing protein	154046	Hungatella hathewayi	568
A0A174YTX7	unreviewed	Ammonium transporter AmtB-like domain-containing protein	39485	Lachnospira eligens	580
A0A174Z5H4	unreviewed	Ammonium transporter AmtB-like domain-containing protein	39485	Lachnospira eligens	580
A0A175A4T9	unreviewed	Ammonium transporter AmtB-like domain-containing protein	39492	[Eubacterium] siraeum	594
A0A175ABC8	unreviewed	Ammonium transporter AmtB-like domain-containing protein	33039	[Ruminococcus] torques	584
A0A176U687	unreviewed	Ammonium transporter AmtB-like domain-containing protein	1715004	Clostridiales bacterium KLE1615	595
A0A1B1YE78	unreviewed	Ammonium transporter AmtB-like domain-containing protein	1121336	Thermoclostridium stercorarium subsp. thermolacticum DSM 2910	587
A0A1B1YLE9	unreviewed	Ammonium transporter AmtB-like domain-containing protein	1346611	Thermoclostridium stercorarium subsp. leptospartum DSM 9219	587
A0A1C0BVB4	unreviewed	Ammonium transporter AmtB-like domain-containing protein	1768196	Erysipelotrichaceae bacterium MTC7	554
A0A1C5KIM4	unreviewed	Ammonium transporter AmtB-like domain-containing protein	59620	uncultured Clostridium sp.	575
A0A1C5M0W8	unreviewed	Ammonium transporter AmtB-like domain-containing protein	59620	uncultured Clostridium sp.	581
A0A1C5MDL8	unreviewed	Ammonium transporter AmtB-like domain-containing protein	765821	uncultured Blautia sp.	576
A0A1C5MK12	unreviewed	Ammonium transporter AmtB-like domain-containing protein	876091	uncultured Oscillibacter sp.	574
A0A1C5N7S1	unreviewed	Ammonium transporter AmtB-like domain-containing protein	59620	uncultured Clostridium sp.	565
A0A1C5PFK7	unreviewed	Ammonium transporter AmtB-like domain-containing protein	165186	uncultured Ruminococcus sp.	580
A0A1C5PIG4	unreviewed	Ammonium transporter AmtB-like domain-containing protein	59620	uncultured Clostridium sp.	596
A0A1C5PQC5	unreviewed	Ammonium transporter AmtB-like domain-containing protein	286138	uncultured Dorea sp.	584
A0A1C5PTP6	unreviewed	Ammonium transporter AmtB-like domain-containing protein	165186	uncultured Ruminococcus sp.	583
A0A1C5PX47	unreviewed	Ammonium transporter AmtB-like domain-containing protein	59620	uncultured Clostridium sp.	583
A0A1C5QAX9	unreviewed	Ammonium transporter AmtB-like domain-containing protein	59620	uncultured Clostridium sp.	597
A0A1C5QDA2	unreviewed	Ammonium transporter AmtB-like domain-containing protein	259315	uncultured Faecalibacterium sp.	580
A0A1C5QHK8	unreviewed	Ammonium transporter AmtB-like domain-containing protein	165186	uncultured Ruminococcus sp.	575
A0A1C5QX74	unreviewed	Ammonium transporter AmtB-like domain-containing protein	165186	uncultured Ruminococcus sp.	590
A0A1C5R1D9	unreviewed	Ammonium transporter AmtB-like domain-containing protein	165185	uncultured Eubacterium sp.	581
A0A1C5R365	unreviewed	Ammonium transporter AmtB-like domain-containing protein	259315	uncultured Faecalibacterium sp.	581
A0A1C5R381	unreviewed	Ammonium transporter AmtB-like domain-containing protein	165186	uncultured Ruminococcus sp.	556
A0A1C5RAN1	unreviewed	Ammonium transporter AmtB-like domain-containing protein	765821	uncultured Blautia sp.	575
A0A1C5S8B5	unreviewed	Ammonium transporter AmtB-like domain-containing protein	165186	uncultured Ruminococcus sp.	570
A0A1C5SQE8	unreviewed	Ammonium transporter AmtB-like domain-containing protein	165186	uncultured Ruminococcus sp.	570
A0A1C5SVL0	unreviewed	Ammonium transporter AmtB-like domain-containing protein	765821	uncultured Blautia sp.	576
A0A1C5T8Y6	unreviewed	Ammonium transporter AmtB-like domain-containing protein	765821	uncultured Blautia sp.	574
A0A1C5TF49	unreviewed	Ammonium transporter AmtB-like domain-containing protein	765821	uncultured Blautia sp.	574
A0A1C5U2K1	unreviewed	Ammonium transporter AmtB-like domain-containing protein	165186	uncultured Ruminococcus sp.	581
A0A1C5UAP1	unreviewed	Ammonium transporter AmtB-like domain-containing protein	765821	uncultured Blautia sp.	574
A0A1C5UEH7	unreviewed	Ammonium transporter AmtB-like domain-containing protein	59620	uncultured Clostridium sp.	583
A0A1C5UU75	unreviewed	Ammonium transporter AmtB-like domain-containing protein	59620	uncultured Clostridium sp.	582
A0A1C5VCM0	unreviewed	Ammonium transporter AmtB-like domain-containing protein	765821	uncultured Blautia sp.	574
A0A1C5VT92	unreviewed	Ammonium transporter AmtB-like domain-containing protein	59620	uncultured Clostridium sp.	571
A0A1C5WY82	unreviewed	Ammonium transporter AmtB-like domain-containing protein	458253	uncultured Coprococcus sp.	597
A0A1C5XWN4	unreviewed	Ammonium transporter AmtB-like domain-containing protein	59620	uncultured Clostridium sp.	567
A0A1C5Y526	unreviewed	Ammonium transporter AmtB-like domain-containing protein	765821	uncultured Blautia sp.	582
A0A1C5YFR7	unreviewed	Ammonium transporter AmtB-like domain-containing protein	59620	uncultured Clostridium sp.	581
A0A1C5YH18	unreviewed	Ammonium transporter AmtB-like domain-containing protein	165186	uncultured Ruminococcus sp.	553
A0A1C5Z331	unreviewed	Ammonium transporter AmtB-like domain-containing protein	165186	uncultured Ruminococcus sp.	580
A0A1C5Z9P9	unreviewed	Ammonium transporter AmtB-like domain-containing protein	59620	uncultured Clostridium sp.	583
A0A1C5ZTV2	unreviewed	Ammonium transporter AmtB-like domain-containing protein	165186	uncultured Ruminococcus sp.	556
A0A1C6B393	unreviewed	Ammonium transporter AmtB-like domain-containing protein	59620	uncultured Clostridium sp.	597
A0A1C6B4K0	unreviewed	Ammonium transporter AmtB-like domain-containing protein	165186	uncultured Ruminococcus sp.	590
A0A1C6BQA1	unreviewed	Ammonium transporter AmtB-like domain-containing protein	1193532	uncultured Butyricicoccus sp.	579
A0A1C6BXH2	unreviewed	Ammonium transporter AmtB-like domain-containing protein	1193532	uncultured Butyricicoccus sp.	578
A0A1C6CHG3	unreviewed	Ammonium transporter AmtB-like domain-containing protein	446043	uncultured Lachnospira sp.	595
A0A1C6CSF9	unreviewed	Ammonium transporter AmtB-like domain-containing protein	59620	uncultured Clostridium sp.	332
A0A1C6CXT8	unreviewed	Ammonium transporter AmtB-like domain-containing protein	165186	uncultured Ruminococcus sp.	575
A0A1C6D1W9	unreviewed	Ammonium transporter AmtB-like domain-containing protein	165186	uncultured Ruminococcus sp.	556
A0A1C6DAP7	unreviewed	Ammonium transporter AmtB-like domain-containing protein	165186	uncultured Ruminococcus sp.	590
A0A1C6DLP9	unreviewed	Ammonium transporter AmtB-like domain-containing protein	165186	uncultured Ruminococcus sp.	581
A0A1C6DWH2	unreviewed	Ammonium transporter AmtB-like domain-containing protein	165185	uncultured Eubacterium sp.	584
A0A1C6E048	unreviewed	Ammonium transporter AmtB-like domain-containing protein	165186	uncultured Ruminococcus sp.	595
A0A1C6E379	unreviewed	Ammonium transporter AmtB-like domain-containing protein	165185	uncultured Eubacterium sp.	580
A0A1C6F4A8	unreviewed	Ammonium transporter AmtB-like domain-containing protein	165186	uncultured Ruminococcus sp.	553
A0A1C6FKD5	unreviewed	Ammonium transporter AmtB-like domain-containing protein	59620	uncultured Clostridium sp.	571
A0A1C6G7R3	unreviewed	Ammonium transporter AmtB-like domain-containing protein	59620	uncultured Clostridium sp.	584
A0A1C6G8E0	unreviewed	Ammonium transporter AmtB-like domain-containing protein	165186	uncultured Ruminococcus sp.	582
A0A1C6G8R0	unreviewed	Ammonium transporter AmtB-like domain-containing protein	1193534	uncultured Flavonifractor sp.	580
A0A1C6GHV1	unreviewed	Ammonium transporter AmtB-like domain-containing protein	165186	uncultured Ruminococcus sp.	566
A0A1C6GPW7	unreviewed	Ammonium transporter AmtB-like domain-containing protein	165185	uncultured Eubacterium sp.	557
A0A1C6H3W0	unreviewed	Ammonium transporter AmtB-like domain-containing protein	165185	uncultured Eubacterium sp.	556
A0A1C6HLR1	unreviewed	Ammonium transporter AmtB-like domain-containing protein	165186	uncultured Ruminococcus sp.	581
A0A1C6HNA9	unreviewed	Ammonium transporter AmtB-like domain-containing protein	765821	uncultured Blautia sp.	575
A0A1C6HP51	unreviewed	Ammonium transporter AmtB-like domain-containing protein	59620	uncultured Clostridium sp.	574
A0A1C6JHM1	unreviewed	Ammonium transporter AmtB-like domain-containing protein	876091	uncultured Oscillibacter sp.	574
A0A1C6K3R3	unreviewed	Ammonium transporter AmtB-like domain-containing protein	59620	uncultured Clostridium sp.	575
A0A1C6KIH8	unreviewed	Ammonium transporter AmtB-like domain-containing protein	59620	uncultured Clostridium sp.	567
A0A1C7GTZ0	unreviewed	Ammonium transporter AmtB-like domain-containing protein	1834198	Hungateiclostridiaceae bacterium KB18	584
A0A1C7HSA7	unreviewed	Ammonium transporter AmtB-like domain-containing protein	1834207	Erysipelotrichaceae bacterium I46	570
A0A1C7IDV8	unreviewed	Ammonium transporter AmtB-like domain-containing protein	1796616	Blautia pseudococcoides	583
A0A1D3TYQ0	unreviewed	Ammonium transporter AmtB-like domain-containing protein	1619234	Anaerobium acetethylicum	570
A0A1D9NY31	unreviewed	Ammonium transporter AmtB-like domain-containing protein	185008	Butyrivibrio hungatei	589
A0A1F8V8B8	unreviewed	Ammonium transporter AmtB-like domain-containing protein	1797683	Clostridiales bacterium GWF2_38_85	568
A0A1F9FQX1	unreviewed	Ammonium transporter AmtB-like domain-containing protein	1797848	Deltaproteobacteria bacterium RBG_16_71_12	123
A0A1F9ZPG7	unreviewed	Ammonium transporter AmtB-like domain-containing protein	1798011	Firmicutes bacterium GWF2_51_9	678
A0A1G4QLQ0	unreviewed	Ammonium transporter AmtB-like domain-containing protein	1520822	Lachnospiraceae bacterium C10	619
A0A1G4SPK4	unreviewed	Ammonium transporter AmtB-like domain-containing protein	1520819	Ruminococcaceae bacterium YRB3002	590
A0A1G4VHU5	unreviewed	Ammonium transporter AmtB-like domain-containing protein	1520828	Lachnospiraceae bacterium YSD2013	572
A0A1G5B658	unreviewed	Ammonium transporter AmtB-like domain-containing protein	1520826	Lachnospiraceae bacterium XBB2008	589
A0A1G5BLA9	unreviewed	Ammonium transporter AmtB-like domain-containing protein	1520805	Blautia sp. SF-50	574
A0A1G5DDJ5	unreviewed	Ammonium transporter AmtB-like domain-containing protein	1520825	Lachnospiraceae bacterium XPB1003	583
A0A1G5DER5	unreviewed	Ammonium transporter AmtB-like domain-containing protein	185008	Butyrivibrio hungatei	589
A0A1G5EK45	unreviewed	Ammonium transporter AmtB-like domain-containing protein	1520808	Butyrivibrio sp. INlla14	589
A0A1G5FBQ7	unreviewed	Ammonium transporter AmtB-like domain-containing protein	1520804	Pseudobutyrivibrio sp. AR14	581
A0A1G5RVB0	unreviewed	Ammonium transporter AmtB-like domain-containing protein	185007	Pseudobutyrivibrio xylanivorans	581
A0A1G5WAS9	unreviewed	Ammonium transporter AmtB-like domain-containing protein	1200747	Lachnospiraceae bacterium G11	602
A0A1G5WH50	unreviewed	Ammonium transporter AmtB-like domain-containing protein	1520806	Butyrivibrio sp. INlla18	589
A0A1G6AA59	unreviewed	Ammonium transporter AmtB-like domain-containing protein	1520802	Pseudobutyrivibrio sp. YE44	581
A0A1G6AEH9	unreviewed	Ammonium transporter AmtB-like domain-containing protein	1732	Eubacterium oxidoreducens	588
A0A1G6BHE0	unreviewed	Ammonium transporter AmtB-like domain-containing protein	1520817	Ruminococcaceae bacterium FB2012	577
A0A1G6C6K5	unreviewed	Ammonium transporter AmtB-like domain-containing protein	1520807	Butyrivibrio sp. INlla16	589
A0A1G6KUG1	unreviewed	Ammonium transporter AmtB-like domain-containing protein	40841	Succiniclasticum ruminis	601
A0A1G7RHP6	unreviewed	Ammonium transporter AmtB-like domain-containing protein	261291	Halorubrum xinjiangense	556
A0A1G8BB52	unreviewed	Ammonium transporter AmtB-like domain-containing protein	1855344	Pseudobutyrivibrio sp. 49	581
A0A1G8V2D8	unreviewed	Ammonium transporter AmtB-like domain-containing protein	1200749	Lachnospiraceae bacterium G41	586
A0A1G8VFZ5	unreviewed	Ammonium transporter AmtB-like domain-containing protein	890420	Halovenus aranensis	560
A0A1G9BC39	unreviewed	Ammonium transporter AmtB-like domain-containing protein	1095776	Natronorubrum texcoconense	582
A0A1G9IKK4	unreviewed	Ammonium transporter AmtB-like domain-containing protein	1798184	Sarcina sp. DSM 11001	591
A0A1G9THY2	unreviewed	Ammonium transporter AmtB-like domain-containing protein	28052	Lachnospira pectinoschiza	589
A0A1G9XUV1	unreviewed	Ammonium transporter AmtB-like domain-containing protein	258515	Acetanaerobacterium elongatum	566
A0A1H0YSA0	unreviewed	Ammonium transporter AmtB-like domain-containing protein	174587	Carnobacterium viridans	589
A0A1H1HR70	unreviewed	Ammonium transporter AmtB-like domain-containing protein	1095778	Natronobacterium texcoconense	583
A0A1H2TZK5	unreviewed	Ammonium transporter AmtB-like domain-containing protein	1630	Kandleria vitulina	559
A0A1H2V0V3	unreviewed	Ammonium transporter AmtB-like domain-containing protein	1855375	Lachnospiraceae bacterium KHCPX20	619
A0A1H3DIU9	unreviewed	Ammonium transporter AmtB-like domain-containing protein	1520816	Ruminococcaceae bacterium YAD3003	589
A0A1H3HZ52	unreviewed	Ammonium transporter AmtB-like domain-containing protein	1122142	Lachnobacterium bovis DSM 14045	577
A0A1H3LXY5	unreviewed	Ammonium transporter AmtB-like domain-containing protein	1048396	Halopenitus persicus	555
A0A1H3Z0R0	unreviewed	Ammonium transporter AmtB-like domain-containing protein	555874	Haloplanus vescus	557
A0A1H3ZKY2	unreviewed	Ammonium transporter AmtB-like domain-containing protein	1520801	Pseudobutyrivibrio sp. ACV-2	581
A0A1H4EZX0	unreviewed	Ammonium transporter AmtB-like domain-containing protein	1855342	Oribacterium sp. KHPX15	589
A0A1H5WFC4	unreviewed	Ammonium transporter AmtB-like domain-containing protein	28051	Lachnospira multipara	589
A0A1H5YYF4	unreviewed	Ammonium transporter AmtB-like domain-containing protein	1520810	Butyrivibrio sp. Su6	589
A0A1H6FT59	unreviewed	Ammonium transporter AmtB-like domain-containing protein	640943	Natronorubrum sediminis	603
A0A1H6INP9	unreviewed	Ammonium transporter AmtB-like domain-containing protein	1267564	Halopenitus malekzadehii	555
A0A1H6J2A5	unreviewed	Ammonium transporter AmtB-like domain-containing protein	1265	Ruminococcus flavefaciens	602
A0A1H6R9C6	unreviewed	Ammonium transporter AmtB-like domain-containing protein	1073996	Halohasta litchfieldiae	570
A0A1H6W8Z9	unreviewed	Ammonium transporter AmtB-like domain-containing protein	1520821	Lachnospiraceae bacterium A10	589
A0A1H7IQT2	unreviewed	Ammonium transporter AmtB-like domain-containing protein	46206	Pseudobutyrivibrio ruminis	581
A0A1H7M3E0	unreviewed	Ammonium transporter AmtB-like domain-containing protein	1761780	Butyrivibrio sp. ob235	589
A0A1H7NPU9	unreviewed	Ammonium transporter AmtB-like domain-containing protein	1264	Ruminococcus albus	606
A0A1H8S6J8	unreviewed	Ammonium transporter AmtB-like domain-containing protein	872970	Amphibacillus marinus	539
A0A1H9A9D8	unreviewed	Ammonium transporter AmtB-like domain-containing protein	1520809	Butyrivibrio sp. TB	591
A0A1H9AGY6	unreviewed	Ammonium transporter AmtB-like domain-containing protein	1200721	Lachnospiraceae bacterium RM5	597
A0A1H9GAG5	unreviewed	Ammonium transporter AmtB-like domain-containing protein	1520823	Lachnospiraceae bacterium NE2001	588
A0A1H9J573	unreviewed	Ammonium transporter AmtB-like domain-containing protein	1186196	Natrinema salaciae	577
A0A1H9JDC6	unreviewed	Ammonium transporter AmtB-like domain-containing protein	163	Treponema bryantii	556
A0A1H9P153	unreviewed	Ammonium transporter AmtB-like domain-containing protein	831	Butyrivibrio fibrisolvens	591
A0A1H9P3M9	unreviewed	Ammonium transporter AmtB-like domain-containing protein	140626	Lachnobacterium bovis	577
A0A1H9Z210	unreviewed	Ammonium transporter AmtB-like domain-containing protein	1520803	Pseudobutyrivibrio sp. C4	581
A0A1I0G858	unreviewed	Ammonium transporter AmtB-like domain-containing protein	1526	[Clostridium] aminophilum	589
A0A1I0H5B4	unreviewed	Ammonium transporter AmtB-like domain-containing protein	392421	Natrinema hispanicum	551
A0A1I0HDV9	unreviewed	Ammonium transporter AmtB-like domain-containing protein	1531	Enterocloster clostridioformis	565
A0A1I0IK57	unreviewed	Ammonium transporter AmtB-like domain-containing protein	460384	Enterocloster lavalensis	572
A0A1I0PYA2	unreviewed	Ammonium transporter AmtB-like domain-containing protein	1855400	Ruminococcaceae bacterium KH2T8	594
A0A1I0QEC7	unreviewed	Ammonium transporter AmtB-like domain-containing protein	1202768	Natrinema salifodinae	554
A0A1I0ZNG3	unreviewed	Ammonium transporter AmtB-like domain-containing protein	1120918	Acetitomaculum ruminis DSM 5522	589
A0A1I1D0R6	unreviewed	Ammonium transporter AmtB-like domain-containing protein	1264	Ruminococcus albus	606
A0A1I1HT54	unreviewed	Ammonium transporter AmtB-like domain-containing protein	148448	Halobiforma haloterrestris	552
A0A1I1MY45	unreviewed	Ammonium transporter AmtB-like domain-containing protein	1520812	Butyrivibrio sp. YAB3001	589
A0A1I2AKI3	unreviewed	Ammonium transporter AmtB-like domain-containing protein	1123323	Succiniclasticum ruminis DSM 9236	601
A0A1I2NIB4	unreviewed	Ammonium transporter AmtB-like domain-containing protein	1792306	Lachnospiraceae bacterium C7	586
A0A1I2TGT7	unreviewed	Ammonium transporter AmtB-like domain-containing protein	1855343	Oribacterium sp. WCC10	589
A0A1I3B7Y0	unreviewed	Ammonium transporter AmtB-like domain-containing protein	387340	Halorubrum aquaticum	562
A0A1I3FXW0	unreviewed	Ammonium transporter AmtB-like domain-containing protein	1798186	Pseudobutyrivibrio sp. OR37	581
A0A1I3I9Y5	unreviewed	Ammonium transporter AmtB-like domain-containing protein	163	Treponema bryantii	557
A0A1I3M286	unreviewed	Ammonium transporter AmtB-like domain-containing protein	44930	Natronobacterium gregoryi	573
A0A1I4EUS9	unreviewed	Ammonium transporter AmtB-like domain-containing protein	1855374	Lachnospiraceae bacterium KH1T2	590
A0A1I4ZMN5	unreviewed	Ammonium transporter AmtB-like domain-containing protein	1798185	Pseudobutyrivibrio sp. UC1225	581
A0A1I5FF58	unreviewed	Ammonium transporter AmtB-like domain-containing protein	1855302	Pseudobutyrivibrio sp. JW11	581
A0A1I5RRK2	unreviewed	Ammonium transporter AmtB-like domain-containing protein	1855299	Oscillibacter sp. PC13	568
A0A1I5SDH6	unreviewed	Ammonium transporter AmtB-like domain-containing protein	43305	Butyrivibrio proteoclasticus	589
A0A1I5Y4A3	unreviewed	Ammonium transporter AmtB-like domain-containing protein	82801	Desemzia incerta	587
A0A1I6FK65	unreviewed	Ammonium transporter AmtB-like domain-containing protein	35743	Halorubrum sodomense	575
A0A1I6JQR0	unreviewed	Ammonium transporter AmtB-like domain-containing protein	1798168	Pseudobutyrivibrio sp. NOR37	581
A0A1I6KGS1	unreviewed	Ammonium transporter AmtB-like domain-containing protein	1526	[Clostridium] aminophilum	589
A0A1I6PBV6	unreviewed	Ammonium transporter AmtB-like domain-containing protein	619731	Halostagnicola kamekurae	587
A0A1I6YNS1	unreviewed	Ammonium transporter AmtB-like domain-containing protein	1520820	Lachnospiraceae bacterium XBD2001	589
A0A1I7GLL6	unreviewed	Ammonium transporter AmtB-like domain-containing protein	1761781	Clostridium sp. DSM 8431	548
A0A1I7IQQ2	unreviewed	Ammonium transporter AmtB-like domain-containing protein	1855323	Butyrivibrio sp. M55	589
A0A1I7ITC5	unreviewed	Ammonium transporter AmtB-like domain-containing protein	1520811	Butyrivibrio sp. INlla21	589
A0A1J4LTC1	unreviewed	Ammonium transporter AmtB-like domain-containing protein	1869245	Natrialba sp. SSL1	587
A0A1K1NCM8	unreviewed	Ammonium transporter AmtB-like domain-containing protein	1265	Ruminococcus flavefaciens	602
A0A1K1PQ76	unreviewed	Ammonium transporter AmtB-like domain-containing protein	244362	Ruminococcus sp. YE71	603
A0A1L5KYB6	unreviewed	Ammonium transporter AmtB-like domain-containing protein	77133	uncultured bacterium	315
A0A1L8N3F6	unreviewed	Ammonium transporter AmtB-like domain-containing protein	1908540	Treponema sp. CETP13	570
A0A1L8PEC7	unreviewed	Ammonium transporter AmtB-like domain-containing protein	1798803	Alkalibacterium sp. 20	580
A0A1L8STM4	unreviewed	Ammonium transporter AmtB-like domain-containing protein	319970	Enterococcus devriesei	591
A0A1M2Z9L9	unreviewed	Ammonium transporter AmtB-like domain-containing protein	1895747	Clostridiales bacterium 43-6	564
A0A1M4ZJQ1	unreviewed	Ammonium transporter AmtB-like domain-containing protein	1123243	Schwartzia succinivorans DSM 10502	583
A0A1M5QDY1	unreviewed	Ammonium transporter AmtB-like domain-containing protein	43928	Halobaculum gomorrense	564
A0A1M6AMI5	unreviewed	Ammonium transporter AmtB-like domain-containing protein	659425	Thermoclostridium caenicola	583
A0A1M6CHL9	unreviewed	Ammonium transporter AmtB-like domain-containing protein	1123012	Pseudobutyrivibrio xylanivorans DSM 14809	581
A0A1M6FDK6	unreviewed	Ammonium transporter AmtB-like domain-containing protein	1121131	Butyrivibrio fibrisolvens DSM 3071	591
A0A1M7LS20	unreviewed	Ammonium transporter AmtB-like domain-containing protein	1265	Ruminococcus flavefaciens	602
A0A1M7N5X0	unreviewed	Ammonium transporter AmtB-like domain-containing protein	1120996	Anaerosporobacter mobilis DSM 15930	581
A0A1M7SHA9	unreviewed	Ammonium transporter AmtB-like domain-containing protein	1121132	Butyrivibrio hungatei DSM 14810	589
A0A1N6HUP0	unreviewed	Ammonium transporter AmtB-like domain-containing protein	28230	Carnobacterium alterfunditum	585
A0A1N7BYW4	unreviewed	Ammonium transporter AmtB-like domain-containing protein	553468	Haladaptatus litoreus	570
A0A1N7EMQ2	unreviewed	Ammonium transporter AmtB-like domain-containing protein	588898	Natronorubrum daqingense	603
A0A1N7ESV5	unreviewed	Ammonium transporter AmtB-like domain-containing protein	308853	Natronorubrum thiooxidans	550
A0A1P8RI15	unreviewed	Ammonium transporter AmtB-like domain-containing protein	588898	Natronorubrum daqingense	601
A0A1Q6NJY1	unreviewed	Ammonium transporter AmtB-like domain-containing protein	1897002	Eubacterium sp. 38_16	557
A0A1Q6PWR8	unreviewed	Ammonium transporter AmtB-like domain-containing protein	1897005	Faecalibacterium sp. CAG:74_58_120	581
A0A1Q6Q4S8	unreviewed	Ammonium transporter AmtB-like domain-containing protein	1896999	Dorea sp. 42_8	584
A0A1Q6QFY3	unreviewed	Ammonium transporter AmtB-like domain-containing protein	1897037	Firmicutes bacterium CAG_194_44_15	595
A0A1Q6R4W6	unreviewed	Ammonium transporter AmtB-like domain-containing protein	626940	Phascolarctobacterium succinatutens	558
A0A1Q9JE84	unreviewed	Ammonium transporter AmtB-like domain-containing protein	1261634	Roseburia sp. 499	583
A0A1Q9YFT7	unreviewed	Ammonium transporter AmtB-like domain-containing protein	1917462	Erysipelotrichaceae bacterium NYU-BL-F16	571
A0A1Q9YMG2	unreviewed	Ammonium transporter AmtB-like domain-containing protein	1702221	Faecalibaculum rodentium	564
A0A1S8AZU6	unreviewed	Ammonium transporter AmtB-like domain-containing protein	301967	Natrinema saccharevitans	565
A0A1S9BS50	unreviewed	Ammonium transporter AmtB-like domain-containing protein	1943579	Oribacterium sp. C9	584
A0A1S9C9P7	unreviewed	Ammonium transporter AmtB-like domain-containing protein	1764958	Epulopiscium sp. AS2M-Bin001	563
A0A1S9CM79	unreviewed	Ammonium transporter AmtB-like domain-containing protein	1764959	Epulopiscium sp. AS2M-Bin002	545
A0A1S9CTJ6	unreviewed	Ammonium transporter AmtB-like domain-containing protein	1764962	Epulopiscium sp. Nele67-Bin004	552
A0A1T4JI33	unreviewed	Ammonium transporter AmtB-like domain-containing protein	261392	Treponema porcinum	583
A0A1T4JSS3	unreviewed	Ammonium transporter AmtB-like domain-containing protein	290054	Eubacterium coprostanoligenes	570
A0A1T4M6N6	unreviewed	Ammonium transporter AmtB-like domain-containing protein	225004	Treponema berlinense	581
A0A1T4MPV2	unreviewed	Ammonium transporter AmtB-like domain-containing protein	42322	Eubacterium ruminantium	601
A0A1T4V9X3	unreviewed	Ammonium transporter AmtB-like domain-containing protein	39495	Eubacterium uniforme	585
A0A1T4XH92	unreviewed	Ammonium transporter AmtB-like domain-containing protein	1881060	Clostridium sp. USBA 49	582
A0A1T4XJ61	unreviewed	Ammonium transporter AmtB-like domain-containing protein	745368	Gemmiger formicilis	571
A0A1T5FXA3	unreviewed	Ammonium transporter AmtB-like domain-containing protein	1898203	Lachnospiraceae bacterium	584
A0A1U7EUA9	unreviewed	Ammonium transporter AmtB-like domain-containing protein	348780	Natronomonas pharaonis (strain ATCC 35678 / DSM 2160 / CIP 103997 / JCM 8858 / NBRC 14720 / NCIMB 2260 / Gabara)	586
A0A1U7NFL4	unreviewed	Ammonium transporter AmtB-like domain-containing protein	1862668	Ileibacterium valens	571
A0A1U7NFM1	unreviewed	Ammonium transporter AmtB-like domain-containing protein	1862668	Ileibacterium valens	571
A0A1V2M684	unreviewed	Ammonium transporter AmtB-like domain-containing protein	1712377	Epulopiscium sp. SCG-D08WGA-EpuloA1	545
A0A1V2M6R2	unreviewed	Ammonium transporter AmtB-like domain-containing protein	1710701	Epulopiscium sp. SCG-B11WGA-EpuloA1	549
A0A1V2MD01	unreviewed	Ammonium transporter AmtB-like domain-containing protein	1712378	Epulopiscium sp. SCG-C07WGA-EpuloA2	557
A0A1V2YEL3	unreviewed	Ammonium transporter AmtB-like domain-containing protein	1884656	Epulopiscium sp. Nuni2H_MBin001	557
A0A1V4SQP7	unreviewed	Ammonium transporter AmtB-like domain-containing protein	48256	Ruminiclostridium hungatei	559
A0A1V5Q5C8	unreviewed	Ammonium transporter AmtB-like domain-containing protein	1852889	Firmicutes bacterium ADurb.Bin354	583
A0A1V5TUL5	unreviewed	Ammonium transporter AmtB-like domain-containing protein	1852887	Firmicutes bacterium ADurb.Bin262	589
A0A1V6AN14	unreviewed	Ammonium transporter AmtB-like domain-containing protein	1852882	Firmicutes bacterium ADurb.Bin146	571
A0A1V6FSD6	unreviewed	Ammonium transporter AmtB-like domain-containing protein	1852880	Firmicutes bacterium ADurb.Bin080	580
A0A1W1IDJ2	unreviewed	Ammonium transporter AmtB-like domain-containing protein	43064	Trichococcus pasteurii	588
A0A1W1IEF4	unreviewed	Ammonium transporter AmtB-like domain-containing protein	43064	Trichococcus pasteurii	597
A0A1W1IG68	unreviewed	Ammonium transporter AmtB-like domain-containing protein	43064	Trichococcus pasteurii	559
A0A1W1ZEY0	unreviewed	Ammonium transporter AmtB-like domain-containing protein	2485925	Oscillospiraceae bacterium	594
A0A1W2AX19	unreviewed	Ammonium transporter AmtB-like domain-containing protein	1898207	Clostridiales bacterium	573
A0A1W2C1Z4	unreviewed	Ammonium transporter AmtB-like domain-containing protein	1122930	Papillibacter cinnamivorans DSM 12816	669
A0A1W2CRU9	unreviewed	Ammonium transporter AmtB-like domain-containing protein	1122930	Papillibacter cinnamivorans DSM 12816	565
A0A1X4HAD1	unreviewed	Ammonium transporter AmtB-like domain-containing protein	1121945	Halorubrum ezzemoulense DSM 17463	558
A0A1Y3A9W7	unreviewed	Ammonium transporter AmtB-like domain-containing protein	1855873	Halorubrum sp. SD683	558
A0A1Y3AEB2	unreviewed	Ammonium transporter AmtB-like domain-containing protein	1855863	Halorubrum sp. SD612	558
A0A1Y3AJI8	unreviewed	Ammonium transporter AmtB-like domain-containing protein	1855863	Halorubrum sp. SD612	559
A0A1Y3RFC7	unreviewed	Ammonium transporter AmtB-like domain-containing protein	1965664	Flavonifractor sp. An9	569
A0A1Y3RRY4	unreviewed	Ammonium transporter AmtB-like domain-containing protein	1965665	Flavonifractor sp. An91	569
A0A1Y3S9H5	unreviewed	Ammonium transporter AmtB-like domain-containing protein	1965660	Flavonifractor sp. An82	573
A0A1Y3SMX9	unreviewed	Ammonium transporter AmtB-like domain-containing protein	1965661	Pseudoflavonifractor sp. An85	567
A0A1Y3TM33	unreviewed	Ammonium transporter AmtB-like domain-containing protein	1965654	Lachnoclostridium sp. An76	248
A0A1Y3TZQ9	unreviewed	Ammonium transporter AmtB-like domain-containing protein	1965655	Faecalibacterium sp. An77	571
A0A1Y3WRK2	unreviewed	Ammonium transporter AmtB-like domain-containing protein	1965648	Faecalibacterium sp. An58	576
A0A1Y3X5L2	unreviewed	Ammonium transporter AmtB-like domain-containing protein	1965642	Flavonifractor sp. An52	569
A0A1Y3ZW06	unreviewed	Ammonium transporter AmtB-like domain-containing protein	1965634	Flavonifractor sp. An4	569
A0A1Y4BSP8	unreviewed	Ammonium transporter AmtB-like domain-containing protein	1965629	Flavonifractor sp. An306	554
A0A1Y4F2V1	unreviewed	Ammonium transporter AmtB-like domain-containing protein	1965603	Blautia sp. An249	584
A0A1Y4HI56	unreviewed	Ammonium transporter AmtB-like domain-containing protein	1965587	Anaeromassilibacillus sp. An200	575
A0A1Y4IQK8	unreviewed	Ammonium transporter AmtB-like domain-containing protein	1965582	Gemmiger sp. An194	576
A0A1Y4J8M1	unreviewed	Ammonium transporter AmtB-like domain-containing protein	1965581	Faecalibacterium sp. An192	571
A0A1Y4L5P0	unreviewed	Ammonium transporter AmtB-like domain-containing protein	501571	Butyricicoccus pullicaecorum	573
A0A1Y4LM49	unreviewed	Ammonium transporter AmtB-like domain-containing protein	501571	Butyricicoccus pullicaecorum	574
A0A1Y4LNQ6	unreviewed	Ammonium transporter AmtB-like domain-containing protein	1965576	Pseudoflavonifractor sp. An184	556
A0A1Y4NDW8	unreviewed	Ammonium transporter AmtB-like domain-containing protein	1965570	Anaeromassilibacillus sp. An172	574
A0A1Y4NS57	unreviewed	Ammonium transporter AmtB-like domain-containing protein	1965569	Lachnoclostridium sp. An169	559
A0A1Y4NXY3	unreviewed	Ammonium transporter AmtB-like domain-containing protein	1965569	Lachnoclostridium sp. An169	474
A0A1Y4T9I4	unreviewed	Ammonium transporter AmtB-like domain-containing protein	1965550	Faecalibacterium sp. An121	576
A0A1Y4TK26	unreviewed	Ammonium transporter AmtB-like domain-containing protein	1965549	Gemmiger sp. An120	570
A0A1Y4URH8	unreviewed	Ammonium transporter AmtB-like domain-containing protein	1965545	Tyzzerella sp. An114	565
A0A1Z2XSS6	unreviewed	Ammonium transporter	1796620	Acutalibacter muris	584
A0A202E691	unreviewed	Ammonium transporter AmtB-like domain-containing protein	253108	Natronolimnobius baerhuensis	588
A0A238WFM2	unreviewed	Ammonium transporter AmtB-like domain-containing protein	63740	Halorubrum vacuolatum	582
A0A238X318	unreviewed	Ammonium transporter AmtB-like domain-containing protein	337243	Halorubrum ezzemoulense	575
A0A239QIB5	unreviewed	Ammonium transporter AmtB-like domain-containing protein	1898207	Clostridiales bacterium	593
A0A239R8Y4	unreviewed	Ammonium transporter AmtB-like domain-containing protein	1898203	Lachnospiraceae bacterium	587
A0A252F2L0	unreviewed	Ammonium transporter AmtB-like domain-containing protein	1945634	Butyricicoccus porcorum	564
A0A256HFN6	unreviewed	Ammonium transporter AmtB-like domain-containing protein	1383850	Halorubrum sp. Ib24	555
A0A256HIH6	unreviewed	Ammonium transporter AmtB-like domain-containing protein	1480728	Halorubrum sp. Hd13	571
A0A256HU74	unreviewed	Ammonium transporter AmtB-like domain-containing protein	1383843	Halorubrum sp. Eb13	555
A0A256HVI6	unreviewed	Ammonium transporter AmtB-like domain-containing protein	1383841	Halorubrum sp. Ea8	555
A0A256HXJ0	unreviewed	Ammonium transporter AmtB-like domain-containing protein	1480718	Halorubrum sp. Ea1	555
A0A256IAU5	unreviewed	Ammonium transporter AmtB-like domain-containing protein	1383851	Halorubrum halodurans	560
A0A256J2E6	unreviewed	Ammonium transporter AmtB-like domain-containing protein	337243	Halorubrum ezzemoulense	301
A0A256KBC6	unreviewed	Ammonium transporter AmtB-like domain-containing protein	337243	Halorubrum ezzemoulense	558
A0A261EQJ5	unreviewed	Ammonium transporter AmtB-like domain-containing protein	987063	Pseudoscardovia suis	570
A0A285PCX6	unreviewed	Ammonium transporter AmtB-like domain-containing protein	558529	Natronoarchaeum philippinense	553
A0A285PVN6	unreviewed	Ammonium transporter AmtB-like domain-containing protein	39488	Anaerobutyricum hallii	557
A0A285RSQ4	unreviewed	Ammonium transporter AmtB-like domain-containing protein	1123011	Pseudobutyrivibrio ruminis DSM 9787	581
A0A2A2FDF5	unreviewed	Ammonium transporter AmtB-like domain-containing protein	2032630	Halorubrum salipaludis	561
A0A2A5QZ19	unreviewed	Ammonium transporter AmtB-like domain-containing protein	373386	Natrinema ejinorense	566
A0A2A6ZC76	unreviewed	Ammonium transporter AmtB-like domain-containing protein	853	Faecalibacterium prausnitzii	581
A0A2A7A1L3	unreviewed	Ammonium transporter AmtB-like domain-containing protein	853	Faecalibacterium prausnitzii	579
A0A2A7AAI1	unreviewed	Ammonium transporter AmtB-like domain-containing protein	853	Faecalibacterium prausnitzii	579
A0A2A7ART1	unreviewed	Ammonium transporter AmtB-like domain-containing protein	853	Faecalibacterium prausnitzii	580
A0A2A7AY63	unreviewed	Ammonium transporter AmtB-like domain-containing protein	853	Faecalibacterium prausnitzii	579
A0A2A7B470	unreviewed	Ammonium transporter AmtB-like domain-containing protein	853	Faecalibacterium prausnitzii	580
A0A2A7BC95	unreviewed	Ammonium transporter AmtB-like domain-containing protein	853	Faecalibacterium prausnitzii	580
A0A2B7GTQ4	unreviewed	Ammonium transporter AmtB-like domain-containing protein	1608465	Natrinema sp. CBA1119	558
A0A2G1WEG4	unreviewed	Ammonium transporter AmtB-like domain-containing protein	1383844	Halorubrum persicum	555
A0A2G1WTK5	unreviewed	Ammonium transporter AmtB-like domain-containing protein	1383842	Halorubrum sp. C191	558
A0A2G3DSU6	unreviewed	Ammonium transporter AmtB-like domain-containing protein	46206	Pseudobutyrivibrio ruminis	581
A0A2G3E3V2	unreviewed	Ammonium transporter AmtB-like domain-containing protein	1712665	Agathobacter ruminis	572
A0A2G3E8V2	unreviewed	Ammonium transporter AmtB-like domain-containing protein	46206	Pseudobutyrivibrio ruminis	581
A0A2G3PYR5	unreviewed	Ammonium transporter AmtB-like domain-containing protein	1898203	Lachnospiraceae bacterium	565
A0A2J4JM91	unreviewed	Ammonium transporter AmtB-like domain-containing protein	853	Faecalibacterium prausnitzii	581
A0A2K4ZNQ6	unreviewed	Ammonium transporter AmtB-like domain-containing protein	879566	Acetatifactor muris	585
A0A2K9P203	unreviewed	Ammonium transporter AmtB-like domain-containing protein	1981510	Monoglobus pectinilyticus	573
A0A2N0UWP7	unreviewed	Ammonium transporter AmtB-like domain-containing protein	40518	Ruminococcus bromii	566
A0A2N1RFZ0	unreviewed	Ammonium transporter AmtB-like domain-containing protein	2013840	Spirochaetae bacterium HGW-Spirochaetae-8	566
A0A2N1ZZK7	unreviewed	Ammonium transporter AmtB-like domain-containing protein	2013790	Firmicutes bacterium HGW-Firmicutes-9	589
A0A2N2A3X2	unreviewed	Ammonium transporter AmtB-like domain-containing protein	2013790	Firmicutes bacterium HGW-Firmicutes-9	574
A0A2N2BXD1	unreviewed	Ammonium transporter AmtB-like domain-containing protein	2013783	Firmicutes bacterium HGW-Firmicutes-21	579
A0A2N2CN54	unreviewed	Ammonium transporter AmtB-like domain-containing protein	2013777	Firmicutes bacterium HGW-Firmicutes-16	572
A0A2R6CGI2	unreviewed	Ammonium transporter AmtB-like domain-containing protein	1919148	Halobacteriales archaeon QH_10_67_13	567
A0A2R6DG65	unreviewed	Ammonium transporter AmtB-like domain-containing protein	1919154	Halobacteriales archaeon QH_6_64_20	540
A0A2R6EHW0	unreviewed	Ammonium transporter AmtB-like domain-containing protein	1919167	Halobacteriales archaeon QS_1_67_19	553
A0A2R6ETP9	unreviewed	Ammonium transporter AmtB-like domain-containing protein	1919158	Halobacteriales archaeon QH_7_66_36	562
A0A2R6EZG2	unreviewed	Ammonium transporter AmtB-like domain-containing protein	1919162	Halobacteriales archaeon QH_8_64_26	573
A0A2R6FM49	unreviewed	Ammonium transporter AmtB-like domain-containing protein	1919171	Halobacteriales archaeon QS_1_69_70	554
A0A2R6FX01	unreviewed	Ammonium transporter AmtB-like domain-containing protein	1919172	Halobacteriales archaeon QS_3_64_16	573
A0A2R6FYC5	unreviewed	Ammonium transporter AmtB-like domain-containing protein	1919166	Halobacteriales archaeon QH_9_66_26	591
A0A2R6GLV1	unreviewed	Ammonium transporter AmtB-like domain-containing protein	1919175	Halobacteriales archaeon QS_4_69_225	580
A0A2R6H2H7	unreviewed	Ammonium transporter AmtB-like domain-containing protein	1919168	Halobacteriales archaeon QS_1_68_17	556
A0A2R6HFY0	unreviewed	Ammonium transporter AmtB-like domain-containing protein	1919177	Halobacteriales archaeon QS_4_69_34	594
A0A2R6HGN0	unreviewed	Ammonium transporter AmtB-like domain-containing protein	1919174	Halobacteriales archaeon QS_4_66_20	562
A0A2R6I3E5	unreviewed	Ammonium transporter AmtB-like domain-containing protein	1919178	Halobacteriales archaeon QS_4_70_19	573
A0A2R6IP35	unreviewed	Ammonium transporter AmtB-like domain-containing protein	1919183	Halobacteriales archaeon QS_6_71_20	555
A0A2R6JNJ8	unreviewed	Ammonium transporter AmtB-like domain-containing protein	1919188	Halobacteriales archaeon QS_8_69_73	588
A0A2R6K016	unreviewed	Ammonium transporter AmtB-like domain-containing protein	1919186	Halobacteriales archaeon QS_8_65_32	573
A0A2R6KFC5	unreviewed	Ammonium transporter AmtB-like domain-containing protein	1919191	Halobacteriales archaeon QS_9_68_17	555
A0A2R6L1E7	unreviewed	Ammonium transporter AmtB-like domain-containing protein	1919194	Halobacteriales archaeon SW_10_66_29	562
A0A2R6LIY7	unreviewed	Ammonium transporter AmtB-like domain-containing protein	1919199	Halobacteriales archaeon SW_5_68_122	459
A0A2R6LZL3	unreviewed	Ammonium transporter AmtB-like domain-containing protein	1919196	Halobacteriales archaeon SW_12_67_38	591
A0A2R6M9Y9	unreviewed	Ammonium transporter AmtB-like domain-containing protein	1919203	Halobacteriales archaeon SW_7_65_23	562
A0A2R6N841	unreviewed	Ammonium transporter AmtB-like domain-containing protein	1919207	Halobacteriales archaeon SW_8_66_22	562
A0A2R6N9Z3	unreviewed	Ammonium transporter AmtB-like domain-containing protein	1919209	Halobacteriales archaeon SW_9_67_24	591
A0A2S0M5G2	unreviewed	Ammonium transporter AmtB-like domain-containing protein	907	Megasphaera elsdenii	605
A0A2S0M903	unreviewed	Ammonium transporter AmtB-like domain-containing protein	907	Megasphaera elsdenii	575
A0A2T0B6K8	unreviewed	Ammonium transporter AmtB-like domain-containing protein	52704	Clostridium vincentii	553
A0A2T3FE90	unreviewed	Ammonium transporter AmtB-like domain-containing protein	460384	Enterocloster lavalensis	572
A0A2T5IEE6	unreviewed	Ammonium transporter AmtB-like domain-containing protein	382641	Trichococcus patagoniensis	588
A0A2T5IJN6	unreviewed	Ammonium transporter AmtB-like domain-containing protein	382641	Trichococcus patagoniensis	559
A0A2T5IP85	unreviewed	Ammonium transporter AmtB-like domain-containing protein	382641	Trichococcus patagoniensis	597
A0A2U2EER7	unreviewed	Ammonium transporter AmtB-like domain-containing protein	39491	Agathobacter rectalis	585
A0A2V1JRW0	unreviewed	Ammonium transporter AmtB-like domain-containing protein	39490	Eubacterium ramulus	585
A0A2V2CWD0	unreviewed	Ammonium transporter AmtB-like domain-containing protein	1898207	Clostridiales bacterium	579
A0A2V2DIY8	unreviewed	Ammonium transporter AmtB-like domain-containing protein	1898207	Clostridiales bacterium	582
A0A2V2DR78	unreviewed	Ammonium transporter AmtB-like domain-containing protein	1898207	Clostridiales bacterium	571
A0A2V2DSP1	unreviewed	Ammonium transporter AmtB-like domain-containing protein	1898207	Clostridiales bacterium	563
A0A2V2E7V3	unreviewed	Ammonium transporter AmtB-like domain-containing protein	1898207	Clostridiales bacterium	580
A0A2V2EWK3	unreviewed	Ammonium transporter AmtB-like domain-containing protein	1898207	Clostridiales bacterium	545
A0A2V2EXD4	unreviewed	Ammonium transporter AmtB-like domain-containing protein	1879010	Bacillota bacterium	583
A0A2V2F5A3	unreviewed	Ammonium transporter AmtB-like domain-containing protein	2485925	Oscillospiraceae bacterium	577
A0A2V2GRB1	unreviewed	Ammonium transporter AmtB-like domain-containing protein	2485925	Oscillospiraceae bacterium	585
A0A2Y9CAP5	unreviewed	Ammonium transporter AmtB-like domain-containing protein	1544	Faecalicatena orotica	588
A0A2Z2HRJ4	unreviewed	Ammonium transporter AmtB-like domain-containing protein	745377	Natrarchaeobaculum aegyptiacum	575
A0A315Y7U6	unreviewed	Ammonium transporter AmtB-like domain-containing protein	1265	Ruminococcus flavefaciens	595
A0A316C0R3	unreviewed	Ammonium transporter AmtB-like domain-containing protein	2202136	Ruminococcaceae bacterium R-25	589
A0A316L7Q2	unreviewed	Ammonium transporter AmtB-like domain-containing protein	1879010	Bacillota bacterium	554
A0A316LYI4	unreviewed	Ammonium transporter AmtB-like domain-containing protein	1898203	Lachnospiraceae bacterium	582
A0A316M754	unreviewed	Ammonium transporter AmtB-like domain-containing protein	1898203	Lachnospiraceae bacterium	582
A0A316PAM5	unreviewed	Ammonium transporter AmtB-like domain-containing protein	2044939	Clostridia bacterium	569
A0A316Q5V2	unreviewed	Ammonium transporter AmtB-like domain-containing protein	2137878	Selenomonadales bacterium	581
A0A316QTT7	unreviewed	Ammonium transporter AmtB-like domain-containing protein	1898207	Clostridiales bacterium	591
A0A316RBP1	unreviewed	Ammonium transporter AmtB-like domain-containing protein	1898207	Clostridiales bacterium	582
A0A317G0I6	unreviewed	Ammonium transporter AmtB-like domain-containing protein	831	Butyrivibrio fibrisolvens	591
A0A317ULB1	unreviewed	Ammonium transporter AmtB-like domain-containing protein	2212480	Blautia sp. BCRC 81119	574
A0A318XMF9	unreviewed	Ammonium transporter AmtB-like domain-containing protein	1121337	Ruminiclostridium sufflavum DSM 19573	557
A0A328UCK6	unreviewed	Ammonium transporter AmtB-like domain-containing protein	2764322	Hydrogeniiclostridium mannosilyticum	575
A0A329T9W9	unreviewed	Ammonium transporter AmtB-like domain-containing protein	2249761	Halorubrum sp. 48-1-W	559
A0A329TIZ6	unreviewed	Ammonium transporter AmtB-like domain-containing protein	853	Faecalibacterium prausnitzii	581
A0A329U1X5	unreviewed	Ammonium transporter AmtB-like domain-containing protein	853	Faecalibacterium prausnitzii	579
A0A329U912	unreviewed	Ammonium transporter AmtB-like domain-containing protein	853	Faecalibacterium prausnitzii	581
A0A329U9C4	unreviewed	Ammonium transporter AmtB-like domain-containing protein	853	Faecalibacterium prausnitzii	580
A0A329UNK8	unreviewed	Ammonium transporter AmtB-like domain-containing protein	853	Faecalibacterium prausnitzii	579
A0A343TP47	unreviewed	Ammonium transporter AmtB-like domain-containing protein	2055893	Halalkaliarchaeum desulfuricum	565
A0A345E078	unreviewed	Ammonium transporter AmtB-like domain-containing protein	1547898	Haloplanus rubicundus	548
A0A345E9S5	unreviewed	Ammonium transporter AmtB-like domain-containing protein	1547898	Haloplanus rubicundus	548
A0A346PKS2	unreviewed	Ammonium transporter AmtB-like domain-containing protein	2044521	Natrarchaeobaculum sulfurireducens	572
A0A348N845	unreviewed	Ammonium transporter AmtB-like domain-containing protein	1898203	Lachnospiraceae bacterium	244
A0A348SZ39	unreviewed	Ammonium transporter AmtB-like domain-containing protein	2485925	Oscillospiraceae bacterium	574
A0A349IJT1	unreviewed	Ammonium transporter AmtB-like domain-containing protein	1969407	Oribacterium sp.	583
A0A350J6B8	unreviewed	Ammonium transporter AmtB-like domain-containing protein	1898207	Clostridiales bacterium	245
A0A350VVQ9	unreviewed	Ammonium transporter AmtB-like domain-containing protein	142586	Eubacterium sp.	573
A0A350WYP9	unreviewed	Ammonium transporter AmtB-like domain-containing protein	1879010	Bacillota bacterium	555
A0A350X0B6	unreviewed	Ammonium transporter AmtB-like domain-containing protein	1879010	Bacillota bacterium	557
A0A351PIU1	unreviewed	Ammonium transporter AmtB-like domain-containing protein	142586	Eubacterium sp.	593
A0A351PVI3	unreviewed	Ammonium transporter AmtB-like domain-containing protein	142586	Eubacterium sp.	291
A0A351Q9K7	unreviewed	Ammonium transporter AmtB-like domain-containing protein	166	Treponema sp.	583
A0A351R4U7	unreviewed	Ammonium transporter AmtB-like domain-containing protein	2049040	Roseburia sp.	583
A0A351THN6	unreviewed	Ammonium transporter AmtB-like domain-containing protein	1898203	Lachnospiraceae bacterium	539
A0A351XAB7	unreviewed	Ammonium transporter AmtB-like domain-containing protein	2485925	Oscillospiraceae bacterium	456
A0A351XND4	unreviewed	Ammonium transporter AmtB-like domain-containing protein	1898203	Lachnospiraceae bacterium	573
A0A352B953	unreviewed	Ammonium transporter AmtB-like domain-containing protein	166	Treponema sp.	429
A0A352CNH9	unreviewed	Ammonium transporter AmtB-like domain-containing protein	1898203	Lachnospiraceae bacterium	589
A0A352CV27	unreviewed	Ammonium transporter AmtB-like domain-containing protein	1898203	Lachnospiraceae bacterium	538
A0A352DPV9	unreviewed	Ammonium transporter AmtB-like domain-containing protein	41978	Ruminococcus sp.	603
A0A352SI43	unreviewed	Ammonium transporter AmtB-like domain-containing protein	1898203	Lachnospiraceae bacterium	561
A0A352T829	unreviewed	Ammonium transporter AmtB-like domain-containing protein	142586	Eubacterium sp.	587
A0A352TBQ4	unreviewed	Ammonium transporter AmtB-like domain-containing protein	166	Treponema sp.	429
A0A352WLA9	unreviewed	Ammonium transporter AmtB-like domain-containing protein	1898203	Lachnospiraceae bacterium	584
A0A353S6E3	unreviewed	Ammonium transporter AmtB-like domain-containing protein	166	Treponema sp.	588
A0A354CV11	unreviewed	Ammonium transporter AmtB-like domain-containing protein	2485925	Oscillospiraceae bacterium	428
A0A354D398	unreviewed	Ammonium transporter AmtB-like domain-containing protein	1898203	Lachnospiraceae bacterium	588
A0A354M8Q0	unreviewed	Ammonium transporter AmtB-like domain-containing protein	2485925	Oscillospiraceae bacterium	596
A0A354MTA6	unreviewed	Ammonium transporter AmtB-like domain-containing protein	1898207	Clostridiales bacterium	570
A0A354UC59	unreviewed	Ammonium transporter AmtB-like domain-containing protein	1898207	Clostridiales bacterium	444
A0A354UXJ2	unreviewed	Ammonium transporter AmtB-like domain-containing protein	1898207	Clostridiales bacterium	571
A0A354WS17	unreviewed	Ammonium transporter AmtB-like domain-containing protein	1955814	Dialister sp.	609
A0A355L532	unreviewed	Ammonium transporter AmtB-like domain-containing protein	2485925	Oscillospiraceae bacterium	580
A0A355U0T8	unreviewed	Ammonium transporter AmtB-like domain-containing protein	41978	Ruminococcus sp.	578
A0A355YJX2	unreviewed	Ammonium transporter AmtB-like domain-containing protein	1898203	Lachnospiraceae bacterium	557
A0A356JZA1	unreviewed	Ammonium transporter AmtB-like domain-containing protein	166	Treponema sp.	583
A0A357AR78	unreviewed	Ammonium transporter AmtB-like domain-containing protein	1898203	Lachnospiraceae bacterium	591
A0A357TLZ9	unreviewed	Ammonium transporter AmtB-like domain-containing protein	2485925	Oscillospiraceae bacterium	276
A0A358M7Q9	unreviewed	Ammonium transporter AmtB-like domain-containing protein	1898207	Clostridiales bacterium	579
A0A358WFN9	unreviewed	Ammonium transporter AmtB-like domain-containing protein	2485925	Oscillospiraceae bacterium	594
A0A359JIV1	unreviewed	Ammonium transporter AmtB-like domain-containing protein	1898207	Clostridiales bacterium	586
A0A365TD36	unreviewed	Ammonium transporter AmtB-like domain-containing protein	29295	halophilic archaeon	554
A0A367G5A8	unreviewed	Ammonium transporter AmtB-like domain-containing protein	2086273	Subdoligranulum sp. APC924/74	574
A0A367G6Z8	unreviewed	Ammonium transporter AmtB-like domain-containing protein	40520	Blautia obeum	574
A0A367GD87	unreviewed	Ammonium transporter AmtB-like domain-containing protein	853	Faecalibacterium prausnitzii	579
A0A368NBY6	unreviewed	Ammonium transporter AmtB-like domain-containing protein	1126245	Haloplanus salinus	553
A0A372MIA9	unreviewed	Ammonium transporter AmtB-like domain-containing protein	2293840	Sphaerochaeta halotolerans	557
A0A373HQJ5	unreviewed	Ammonium transporter AmtB-like domain-containing protein	2292991	Catenibacterium sp. AM22-15	563
A0A373IZ41	unreviewed	Ammonium transporter AmtB-like domain-containing protein	2292890	Firmicutes bacterium AM10-47	579
A0A373LKK3	unreviewed	Ammonium transporter AmtB-like domain-containing protein	2293108	Eubacterium sp. AF36-5BH	584
A0A373LV07	unreviewed	Ammonium transporter AmtB-like domain-containing protein	2293015	Clostridium sp. AF36-4	587
A0A373NBW8	unreviewed	Ammonium transporter AmtB-like domain-containing protein	2293174	Ruminococcus sp. AF31-8BH	576
A0A373NHW0	unreviewed	Ammonium transporter AmtB-like domain-containing protein	2293109	Faecalibacterium sp. OF04-11AC	581
A0A373TDA5	unreviewed	Ammonium transporter AmtB-like domain-containing protein	2293005	Clostridium sp. AF23-6LB	593
A0A373VPI8	unreviewed	Ammonium transporter AmtB-like domain-containing protein	2292961	Blautia sp. AF19-10LB	579
A0A373W3B8	unreviewed	Ammonium transporter AmtB-like domain-containing protein	2293105	Eubacterium sp. AF17-7	583
A0A373WB21	unreviewed	Ammonium transporter AmtB-like domain-containing protein	2293154	Ruminococcus sp. AF17-6	590
A0A373WB62	unreviewed	Ammonium transporter AmtB-like domain-containing protein	2293154	Ruminococcus sp. AF17-6	556
A0A373WNC9	unreviewed	Ammonium transporter AmtB-like domain-containing protein	2293154	Ruminococcus sp. AF17-6	553
A0A374AZ37	unreviewed	Ammonium transporter AmtB-like domain-containing protein	2292884	Firmicutes bacterium AF12-30	580
A0A374BTC5	unreviewed	Ammonium transporter AmtB-like domain-containing protein	2293216	Ruminococcus sp. AM43-6	590
A0A374BV99	unreviewed	Ammonium transporter AmtB-like domain-containing protein	2293216	Ruminococcus sp. AM43-6	556
A0A374E8I7	unreviewed	Ammonium transporter AmtB-like domain-containing protein	2293202	Ruminococcus sp. AM31-15AC	590
A0A374ESQ7	unreviewed	Ammonium transporter AmtB-like domain-containing protein	2293202	Ruminococcus sp. AM31-15AC	556
A0A374HYA9	unreviewed	Ammonium transporter AmtB-like domain-containing protein	2293144	Roseburia sp. TF10-5	583
A0A374JZE1	unreviewed	Ammonium transporter AmtB-like domain-containing protein	2293095	Coprococcus sp. OM06-34AC	564
A0A374NIG5	unreviewed	Ammonium transporter AmtB-like domain-containing protein	39488	Anaerobutyricum hallii	556
A0A374UM72	unreviewed	Ammonium transporter AmtB-like domain-containing protein	2292352	Eubacterium sp. OM08-24	566
A0A374VUC3	unreviewed	Ammonium transporter AmtB-like domain-containing protein	2292375	Ruminococcus sp. OM06-36AC	573
A0A380RE50	unreviewed	Ammonium transporter AmtB-like domain-containing protein	2485925	Oscillospiraceae bacterium	589
A0A383TB64	unreviewed	Ammonium transporter AmtB-like domain-containing protein	2094020	Trichococcus shcherbakoviae	597
A0A383TDA1	unreviewed	Ammonium transporter AmtB-like domain-containing protein	2094020	Trichococcus shcherbakoviae	559
A0A383TEW4	unreviewed	Ammonium transporter AmtB-like domain-containing protein	2094020	Trichococcus shcherbakoviae	588
A0A391P2Q7	unreviewed	Ammonium transporter AmtB-like domain-containing protein	2316025	Mediterraneibacter butyricigenes	584
A0A395V2H0	unreviewed	Ammonium transporter AmtB-like domain-containing protein	39491	Agathobacter rectalis	585
A0A395WC27	unreviewed	Ammonium transporter AmtB-like domain-containing protein	1735	Holdemanella biformis	562
A0A395XAX9	unreviewed	Ammonium transporter AmtB-like domain-containing protein	40520	Blautia obeum	580
A0A395ZJI4	unreviewed	Ammonium transporter AmtB-like domain-containing protein	39491	Agathobacter rectalis	585
A0A396KF07	unreviewed	Ammonium transporter AmtB-like domain-containing protein	2293024	Clostridium sp. AM22-11AC	570
A0A396KTS7	unreviewed	Ammonium transporter AmtB-like domain-containing protein	2292041	Dorea sp. AF36-15AT	581
A0A396LLV1	unreviewed	Ammonium transporter AmtB-like domain-containing protein	2292356	Faecalibacterium sp. OF03-6AC	581
A0A396QBZ7	unreviewed	Ammonium transporter AmtB-like domain-containing protein	2292273	Lachnospiraceae bacterium OF09-33XD	583
A0A397S8C4	unreviewed	Ammonium transporter AmtB-like domain-containing protein	2088	Anaeroplasma bactoclasticum	591
A0A3A5JCB5	unreviewed	Ammonium transporter AmtB-like domain-containing protein	2321230	Halococcus sp. IIIV-5B	575
A0A3A6CZX2	unreviewed	Ammonium transporter AmtB-like domain-containing protein	2302956	Faecalibacterium sp. AF27-11BH	581
A0A3A6DCQ4	unreviewed	Ammonium transporter AmtB-like domain-containing protein	2302975	Erysipelotrichaceae bacterium AF15-26LB	559
A0A3A6DXE2	unreviewed	Ammonium transporter AmtB-like domain-containing protein	2302957	Faecalibacterium sp. AM43-5AT	581
A0A3A6F2C6	unreviewed	Ammonium transporter AmtB-like domain-containing protein	2302965	Lachnospiraceae bacterium AM40-2BH	572
A0A3A6JGR4	unreviewed	Ammonium transporter AmtB-like domain-containing protein	2302943	Coprococcus sp. AF38-1	564
A0A3A6JNP8	unreviewed	Ammonium transporter AmtB-like domain-containing protein	2302955	Faecalibacterium sp. AF10-46	581
A0A3A6Q4N4	unreviewed	Ammonium transporter AmtB-like domain-containing protein	2216978	Halonotius aquaticus	563
A0A3A6QA08	unreviewed	Ammonium transporter AmtB-like domain-containing protein	268735	Halonotius pteroides	575
A0A3A8U1R4	unreviewed	Ammonium transporter AmtB-like domain-containing protein	2320103	bacterium 1XD21-70	585
A0A3A8WBS0	unreviewed	Ammonium transporter AmtB-like domain-containing protein	2320098	bacterium D16-59	588
A0A3A8YRM8	unreviewed	Ammonium transporter AmtB-like domain-containing protein	2320116	bacterium 1xD8-6	561
A0A3A8ZR18	unreviewed	Ammonium transporter AmtB-like domain-containing protein	2320099	bacterium 0.1xD8-71	589
A0A3A9A686	unreviewed	Ammonium transporter AmtB-like domain-containing protein	2320113	bacterium 1xD42-87	588
A0A3A9AHU2	unreviewed	Ammonium transporter AmtB-like domain-containing protein	2320100	Parablautia intestinalis	581
A0A3A9EQQ1	unreviewed	Ammonium transporter AmtB-like domain-containing protein	2320081	Acutalibacter sp. 1XD8-33	558
A0A3A9EZ61	unreviewed	Ammonium transporter AmtB-like domain-containing protein	2320115	bacterium 1XD8-76	596
A0A3A9FED2	unreviewed	Ammonium transporter AmtB-like domain-containing protein	2320110	bacterium 1XD42-54	576
A0A3A9GFS9	unreviewed	Ammonium transporter AmtB-like domain-containing protein	2320088	Roseburia sp. 1XD42-69	595
A0A3A9SKZ0	unreviewed	Ammonium transporter AmtB-like domain-containing protein	2364879	Butyrivibrio sp. CB08	589
A0A3A9SXB6	unreviewed	Ammonium transporter AmtB-like domain-containing protein	2364880	Butyrivibrio sp. XB500-5	589
A0A3A9T3Z5	unreviewed	Ammonium transporter AmtB-like domain-containing protein	2364878	Butyrivibrio sp. X503	589
A0A3B8UVC8	unreviewed	Ammonium transporter AmtB-like domain-containing protein	142586	Eubacterium sp.	518
A0A3B8WX04	unreviewed	Ammonium transporter AmtB-like domain-containing protein	166	Treponema sp.	530
A0A3B9DWD0	unreviewed	Ammonium transporter AmtB-like domain-containing protein	1955814	Dialister sp.	604
A0A3B9RR30	unreviewed	Ammonium transporter AmtB-like domain-containing protein	1972642	Sphaerochaeta sp.	568
A0A3B9SH16	unreviewed	Ammonium transporter AmtB-like domain-containing protein	1898203	Lachnospiraceae bacterium	528
A0A3B9T2C8	unreviewed	Ammonium transporter AmtB-like domain-containing protein	41978	Ruminococcus sp.	360
A0A3B9WUZ1	unreviewed	Ammonium transporter AmtB-like domain-containing protein	1898203	Lachnospiraceae bacterium	590
A0A3C0BHT2	unreviewed	Ammonium transporter AmtB-like domain-containing protein	166	Treponema sp.	544
A0A3C0J8P0	unreviewed	Ammonium transporter AmtB-like domain-containing protein	28121	Butyrivibrio sp.	559
A0A3C0NNI1	unreviewed	Ammonium transporter AmtB-like domain-containing protein	1898207	Clostridiales bacterium	561
A0A3C0TH36	unreviewed	Ammonium transporter AmtB-like domain-containing protein	1898203	Lachnospiraceae bacterium	585
A0A3C0U1E6	unreviewed	Ammonium transporter AmtB-like domain-containing protein	166	Treponema sp.	371
A0A3C0VS63	unreviewed	Ammonium transporter AmtB-like domain-containing protein	1898203	Lachnospiraceae bacterium	579
A0A3C0WZ02	unreviewed	Ammonium transporter AmtB-like domain-containing protein	2485925	Oscillospiraceae bacterium	213
A0A3C0ZR78	unreviewed	Ammonium transporter AmtB-like domain-containing protein	2053610	Sarcina sp.	591
A0A3C1A6S1	unreviewed	Ammonium transporter AmtB-like domain-containing protein	1898207	Clostridiales bacterium	540
A0A3C1C0C6	unreviewed	Ammonium transporter AmtB-like domain-containing protein	1898207	Clostridiales bacterium	571
A0A3C1H5S6	unreviewed	Ammonium transporter AmtB-like domain-containing protein	41978	Ruminococcus sp.	435
A0A3C1K4P1	unreviewed	Ammonium transporter AmtB-like domain-containing protein	1898207	Clostridiales bacterium	324
A0A3C1SJG2	unreviewed	Ammonium transporter AmtB-like domain-containing protein	166	Treponema sp.	244
A0A3C1YM26	unreviewed	Ammonium transporter AmtB-like domain-containing protein	1898203	Lachnospiraceae bacterium	591
A0A3D0DNQ2	unreviewed	Ammonium transporter AmtB-like domain-containing protein	1898203	Lachnospiraceae bacterium	559
A0A3D0L7S0	unreviewed	Ammonium transporter AmtB-like domain-containing protein	166	Treponema sp.	343
A0A3D0LDA8	unreviewed	Ammonium transporter AmtB-like domain-containing protein	1898203	Lachnospiraceae bacterium	582
A0A3D1HCR6	unreviewed	Ammonium transporter AmtB-like domain-containing protein	2485925	Oscillospiraceae bacterium	594
A0A3D1HWC2	unreviewed	Ammonium transporter AmtB-like domain-containing protein	2485925	Oscillospiraceae bacterium	596
A0A3D1M6Q9	unreviewed	Ammonium transporter AmtB-like domain-containing protein	1898203	Lachnospiraceae bacterium	362
A0A3D1PR94	unreviewed	Ammonium transporter AmtB-like domain-containing protein	2485925	Oscillospiraceae bacterium	574
A0A3D1VIG2	unreviewed	Ammonium transporter AmtB-like domain-containing protein	2485925	Oscillospiraceae bacterium	582
A0A3D1YAC0	unreviewed	Ammonium transporter AmtB-like domain-containing protein	1898203	Lachnospiraceae bacterium	582
A0A3D2A8Z7	unreviewed	Ammonium transporter AmtB-like domain-containing protein	2485925	Oscillospiraceae bacterium	584
A0A3D2DN89	unreviewed	Ammonium transporter AmtB-like domain-containing protein	142586	Eubacterium sp.	483
A0A3D2H4D1	unreviewed	Ammonium transporter AmtB-like domain-containing protein	1898207	Clostridiales bacterium	581
A0A3D2HRD6	unreviewed	Ammonium transporter AmtB-like domain-containing protein	41978	Ruminococcus sp.	360
A0A3D2I2I4	unreviewed	Ammonium transporter AmtB-like domain-containing protein	1898203	Lachnospiraceae bacterium	587
A0A3D2IMX9	unreviewed	Ammonium transporter AmtB-like domain-containing protein	1898203	Lachnospiraceae bacterium	603
A0A3D2KFJ0	unreviewed	Ammonium transporter AmtB-like domain-containing protein	1898203	Lachnospiraceae bacterium	596
A0A3D2N5B5	unreviewed	Ammonium transporter AmtB-like domain-containing protein	41978	Ruminococcus sp.	333
A0A3D2TS24	unreviewed	Ammonium transporter AmtB-like domain-containing protein	2485925	Oscillospiraceae bacterium	583
A0A3D2YDM4	unreviewed	Ammonium transporter AmtB-like domain-containing protein	1945593	Oscillibacter sp.	573
A0A3D3FD73	unreviewed	Ammonium transporter AmtB-like domain-containing protein	2485925	Oscillospiraceae bacterium	659
A0A3D3W946	unreviewed	Ammonium transporter AmtB-like domain-containing protein	2052179	Peptococcaceae bacterium	580
A0A3D4CDJ0	unreviewed	Ammonium transporter AmtB-like domain-containing protein	2485925	Oscillospiraceae bacterium	580
A0A3D4JMG0	unreviewed	Ammonium transporter AmtB-like domain-containing protein	41978	Ruminococcus sp.	324
A0A3D4KWZ7	unreviewed	Ammonium transporter AmtB-like domain-containing protein	1898203	Lachnospiraceae bacterium	592
A0A3D4LRI2	unreviewed	Ammonium transporter AmtB-like domain-containing protein	1898203	Lachnospiraceae bacterium	586
A0A3D4QBE3	unreviewed	Ammonium transporter AmtB-like domain-containing protein	1969407	Oribacterium sp.	367
A0A3D4S6E4	unreviewed	Ammonium transporter AmtB-like domain-containing protein	1898207	Clostridiales bacterium	591
A0A3D4W5K9	unreviewed	Ammonium transporter AmtB-like domain-containing protein	1971605	Faecalibacterium sp.	408
A0A3D4XAC3	unreviewed	Ammonium transporter AmtB-like domain-containing protein	1898203	Lachnospiraceae bacterium	538
A0A3D5IDU5	unreviewed	Ammonium transporter AmtB-like domain-containing protein	1898207	Clostridiales bacterium	581
A0A3D5PCJ0	unreviewed	Ammonium transporter AmtB-like domain-containing protein	2485925	Oscillospiraceae bacterium	608
A0A3D5PVN4	unreviewed	Ammonium transporter AmtB-like domain-containing protein	1955814	Dialister sp.	580
A0A3D5T795	unreviewed	Ammonium transporter AmtB-like domain-containing protein	1898203	Lachnospiraceae bacterium	595
A0A3D5WGV8	unreviewed	Ammonium transporter AmtB-like domain-containing protein	1898203	Lachnospiraceae bacterium	597
A0A3E2N433	unreviewed	Ammonium transporter AmtB-like domain-containing protein	253257	Lacrimispora amygdalina	566
A0A3E2T713	unreviewed	Ammonium transporter AmtB-like domain-containing protein	853	Faecalibacterium prausnitzii	580
A0A3E2TW06	unreviewed	Ammonium transporter AmtB-like domain-containing protein	853	Faecalibacterium prausnitzii	579
A0A3E2UCG9	unreviewed	Ammonium transporter AmtB-like domain-containing protein	853	Faecalibacterium prausnitzii	580
A0A3E2UHE6	unreviewed	Ammonium transporter AmtB-like domain-containing protein	853	Faecalibacterium prausnitzii	579
A0A3E2VY88	unreviewed	Ammonium transporter AmtB-like domain-containing protein	853	Faecalibacterium prausnitzii	579
A0A3E2W4X7	unreviewed	Ammonium transporter AmtB-like domain-containing protein	1522	Clostridium innocuum	570
A0A3E3E2L2	unreviewed	Ammonium transporter AmtB-like domain-containing protein	214853	Anaerofustis stercorihominis	574
A0A3E3HW34	unreviewed	Ammonium transporter AmtB-like domain-containing protein	1720294	Eisenbergiella massiliensis	596
A0A3E4EG44	unreviewed	Ammonium transporter AmtB-like domain-containing protein	39491	Agathobacter rectalis	585
A0A3E4LX30	unreviewed	Ammonium transporter AmtB-like domain-containing protein	46228	[Ruminococcus] lactaris	576
A0A3E4LZF5	unreviewed	Ammonium transporter AmtB-like domain-containing protein	39491	Agathobacter rectalis	585
A0A3E4X059	unreviewed	Ammonium transporter AmtB-like domain-containing protein	39491	Agathobacter rectalis	585
A0A3E4Y6Y1	unreviewed	Ammonium transporter AmtB-like domain-containing protein	39491	Agathobacter rectalis	585
A0A3E5AD41	unreviewed	Ammonium transporter AmtB-like domain-containing protein	40520	Blautia obeum	580
A0A3E5ANY3	unreviewed	Ammonium transporter AmtB-like domain-containing protein	39491	Agathobacter rectalis	585
A0A3E5GL33	unreviewed	Ammonium transporter AmtB-like domain-containing protein	88431	Dorea longicatena	584
A0A3G5FID2	unreviewed	Ammonium transporter AmtB-like domain-containing protein	51669	Tetragenococcus halophilus	576
A0A3G9JI35	unreviewed	Ammonium transporter AmtB-like domain-containing protein	2487118	Intestinibaculum porci	563
A0A3M0CVW1	unreviewed	Ammonium transporter AmtB-like domain-containing protein	660522	Haloplanus aerogenes	547
A0A3N0I4G0	unreviewed	Ammonium transporter AmtB-like domain-containing protein	2486576	Absicoccus porci	564
A0A3N1XQV6	unreviewed	Ammonium transporter AmtB-like domain-containing protein	1329262	Mobilisporobacter senegalensis	564
A0A3N6LYC9	unreviewed	Ammonium transporter AmtB-like domain-containing protein	1679091	Natrarchaeobius halalkaliphilus	577
A0A3N6MIK2	unreviewed	Ammonium transporter AmtB-like domain-containing protein	1679083	Natrarchaeobius chitinivorans	575
A0A3P3RFN3	unreviewed	Ammonium transporter AmtB-like domain-containing protein	671145	Halomarina oriensis	560
A0A3Q9EFA7	unreviewed	Ammonium transporter AmtB-like domain-containing protein	634157	Halorubrum sp. PV6	555
A0A3R6HVQ8	unreviewed	Ammonium transporter AmtB-like domain-containing protein	2292065	Roseburia sp. AM16-25	602
A0A3R6LP12	unreviewed	Ammonium transporter AmtB-like domain-containing protein	2292234	Faecalibacterium sp. AF28-13AC	580
A0A3R6NVB4	unreviewed	Ammonium transporter AmtB-like domain-containing protein	2293138	Roseburia sp. AM59-24XD	586
A0A3R6S1G0	unreviewed	Ammonium transporter AmtB-like domain-containing protein	2293011	Clostridium sp. AF34-10BH	583
A0A3R6S323	unreviewed	Ammonium transporter AmtB-like domain-containing protein	2293012	Clostridium sp. AF34-13	596
A0A3R6T2E2	unreviewed	Ammonium transporter AmtB-like domain-containing protein	2293030	Clostridium sp. AM34-9AC	583
A0A3R6TUH4	unreviewed	Ammonium transporter AmtB-like domain-containing protein	2293088	Coprococcus sp. AF16-5	564
A0A3R6VD02	unreviewed	Ammonium transporter AmtB-like domain-containing protein	2293026	Clostridium sp. AM27-31LB	596
A0A3R6W9Z0	unreviewed	Ammonium transporter AmtB-like domain-containing protein	2293000	Clostridium sp. AF17-2	593
A0A3R6XWA9	unreviewed	Ammonium transporter AmtB-like domain-containing protein	2293046	Clostridium sp. OM05-9BH	597
A0A3R7JYP2	unreviewed	Ammonium transporter AmtB-like domain-containing protein	2282126	Halorubrum sp. Atlit-8R	558
A0A410TQW1	unreviewed	Ammonium transporter AmtB-like domain-containing protein	2497325	Halorubrum sp. BOL3-1	561
A0A412ESC4	unreviewed	Ammonium transporter AmtB-like domain-containing protein	40520	Blautia obeum	580
A0A412I1L5	unreviewed	Ammonium transporter AmtB-like domain-containing protein	2292232	Eubacterium sp. AF22-8LB	561
A0A412JAI5	unreviewed	Ammonium transporter AmtB-like domain-containing protein	1735	Holdemanella biformis	562
A0A412L3Z0	unreviewed	Ammonium transporter AmtB-like domain-containing protein	40520	Blautia obeum	580
A0A412Q5D9	unreviewed	Ammonium transporter AmtB-like domain-containing protein	39491	Agathobacter rectalis	585
A0A412Z6T2	unreviewed	Ammonium transporter AmtB-like domain-containing protein	208479	Enterocloster bolteae	565
A0A413CZM9	unreviewed	Ammonium transporter AmtB-like domain-containing protein	1735	Holdemanella biformis	562
A0A413G885	unreviewed	Ammonium transporter AmtB-like domain-containing protein	2292191	Anaerotruncus sp. AF02-27	563
A0A413I5V5	unreviewed	Ammonium transporter AmtB-like domain-containing protein	2292287	Blautia sp. OF03-15BH	576
A0A413Q4A5	unreviewed	Ammonium transporter AmtB-like domain-containing protein	39491	Agathobacter rectalis	585
A0A413QIA9	unreviewed	Ammonium transporter AmtB-like domain-containing protein	39486	Dorea formicigenerans	576
A0A413RD45	unreviewed	Ammonium transporter AmtB-like domain-containing protein	39496	Eubacterium ventriosum	586
A0A413SL34	unreviewed	Ammonium transporter AmtB-like domain-containing protein	39486	Dorea formicigenerans	576
A0A413U0U1	unreviewed	Ammonium transporter AmtB-like domain-containing protein	39491	Agathobacter rectalis	585
A0A413UEQ5	unreviewed	Ammonium transporter AmtB-like domain-containing protein	1735	Holdemanella biformis	561
A0A413YZC1	unreviewed	Ammonium transporter AmtB-like domain-containing protein	39485	Lachnospira eligens	582
A0A414A8A1	unreviewed	Ammonium transporter AmtB-like domain-containing protein	39491	Agathobacter rectalis	585
A0A414ARU4	unreviewed	Ammonium transporter AmtB-like domain-containing protein	208479	Enterocloster bolteae	565
A0A414B8U4	unreviewed	Ammonium transporter AmtB-like domain-containing protein	39488	Anaerobutyricum hallii	556
A0A414I9E5	unreviewed	Ammonium transporter AmtB-like domain-containing protein	40520	Blautia obeum	580
A0A414JCA5	unreviewed	Ammonium transporter AmtB-like domain-containing protein	40520	Blautia obeum	580
A0A414KBZ4	unreviewed	Ammonium transporter AmtB-like domain-containing protein	40520	Blautia obeum	580
A0A414M657	unreviewed	Ammonium transporter AmtB-like domain-containing protein	39491	Agathobacter rectalis	585
A0A414P7H7	unreviewed	Ammonium transporter AmtB-like domain-containing protein	46228	[Ruminococcus] lactaris	576
A0A414S439	unreviewed	Ammonium transporter AmtB-like domain-containing protein	88431	Dorea longicatena	584
A0A414SVC0	unreviewed	Ammonium transporter AmtB-like domain-containing protein	88431	Dorea longicatena	584
A0A415D8Z0	unreviewed	Ammonium transporter AmtB-like domain-containing protein	46228	[Ruminococcus] lactaris	576
A0A415H6Z4	unreviewed	Ammonium transporter AmtB-like domain-containing protein	39486	Dorea formicigenerans	576
A0A415HNX0	unreviewed	Ammonium transporter AmtB-like domain-containing protein	40520	Blautia obeum	580
A0A415JYM8	unreviewed	Ammonium transporter AmtB-like domain-containing protein	39491	Agathobacter rectalis	585
A0A415LJU4	unreviewed	Ammonium transporter AmtB-like domain-containing protein	40520	Blautia obeum	580
A0A415MGB1	unreviewed	Ammonium transporter AmtB-like domain-containing protein	39485	Lachnospira eligens	582
A0A415MX32	unreviewed	Ammonium transporter AmtB-like domain-containing protein	39486	Dorea formicigenerans	576
A0A415TWJ3	unreviewed	Ammonium transporter AmtB-like domain-containing protein	39488	Anaerobutyricum hallii	556
A0A415WAR6	unreviewed	Ammonium transporter AmtB-like domain-containing protein	2292903	Lachnospiraceae bacterium AM21-21	581
A0A415Y7N4	unreviewed	Ammonium transporter AmtB-like domain-containing protein	2292902	Lachnospiraceae bacterium AM10-38	581
A0A415ZEU8	unreviewed	Ammonium transporter AmtB-like domain-containing protein	2292004	Butyricicoccus sp. AM05-1	575
A0A416CAR5	unreviewed	Ammonium transporter AmtB-like domain-containing protein	2293016	Clostridium sp. AF37-5	587
A0A416CS21	unreviewed	Ammonium transporter AmtB-like domain-containing protein	2292888	Firmicutes bacterium AF36-19BH	597
A0A416DJJ8	unreviewed	Ammonium transporter AmtB-like domain-containing protein	2292003	Butyricicoccus sp. AF35-5AC	575
A0A416E8F9	unreviewed	Ammonium transporter AmtB-like domain-containing protein	2292046	Lachnotalea sp. AF33-28	582
A0A416ME66	unreviewed	Ammonium transporter AmtB-like domain-containing protein	2292181	Firmicutes bacterium AF25-13AC	595
A0A416NNC5	unreviewed	Ammonium transporter AmtB-like domain-containing protein	2292887	Firmicutes bacterium AF22-6AC	583
A0A416RXX8	unreviewed	Ammonium transporter AmtB-like domain-containing protein	2292204	Clostridium sp. AF19-22AC	588
A0A416T417	unreviewed	Ammonium transporter AmtB-like domain-containing protein	2293106	Eubacterium sp. AF19-12LB	583
A0A416VY62	unreviewed	Ammonium transporter AmtB-like domain-containing protein	2293103	Eubacterium sp. AF15-50	584
A0A417CYC0	unreviewed	Ammonium transporter AmtB-like domain-containing protein	2292893	Firmicutes bacterium AM41-11	565
A0A417FAY0	unreviewed	Ammonium transporter AmtB-like domain-containing protein	2292296	Butyricicoccus sp. AM32-19	575
A0A417IKP3	unreviewed	Ammonium transporter AmtB-like domain-containing protein	2292293	Butyricicoccus sp. AM27-36	573
A0A417JY11	unreviewed	Ammonium transporter AmtB-like domain-containing protein	2292906	Lachnospiraceae bacterium AM26-1LB	581
A0A417LI53	unreviewed	Ammonium transporter AmtB-like domain-containing protein	2292898	Firmicutes bacterium TM09-10	597
A0A417PNF3	unreviewed	Ammonium transporter AmtB-like domain-containing protein	2292274	Clostridiaceae bacterium OM08-6BH	577
A0A417R8P8	unreviewed	Ammonium transporter AmtB-like domain-containing protein	2292985	Blautia sp. OM07-19	579
A0A417U2N8	unreviewed	Ammonium transporter AmtB-like domain-containing protein	2292272	Lachnospiraceae bacterium OM04-12BH	582
A0A417UET6	unreviewed	Ammonium transporter AmtB-like domain-containing protein	2292357	Faecalibacterium sp. OM04-11BH	579
A0A417URP4	unreviewed	Ammonium transporter AmtB-like domain-containing protein	2292908	Lachnospiraceae bacterium OM02-26	581
A0A417VTC3	unreviewed	Ammonium transporter AmtB-like domain-containing protein	2292368	Roseburia sp. OM02-15	585
A0A419T7T2	unreviewed	Ammonium transporter AmtB-like domain-containing protein	94868	Lacrimispora algidixylanolytica	585
A0A419WE02	unreviewed	Ammonium transporter AmtB-like domain-containing protein	148449	Halopiger aswanensis	557
A0A425W499	unreviewed	Ammonium transporter AmtB-like domain-containing protein	2049045	Eubacteriaceae bacterium	583
A0A425WHC3	unreviewed	Ammonium transporter AmtB-like domain-containing protein	1898203	Lachnospiraceae bacterium	583
A0A426DRR9	unreviewed	Ammonium transporter AmtB-like domain-containing protein	2044587	Schaedlerella arabinosiphila	583
A0A430AFK9	unreviewed	Ammonium transporter AmtB-like domain-containing protein	1160095	Vagococcus entomophilus	554
A0A448W1N8	unreviewed	Ammonium transporter AmtB-like domain-containing protein	765821	uncultured Blautia sp.	574
A0A482Y865	unreviewed	Ammonium transporter AmtB-like domain-containing protein	222984	Natrinema altunense	566
A0A482YEN8	unreviewed	Ammonium transporter AmtB-like domain-containing protein	392421	Natrinema hispanicum	551
A0A498EUJ2	unreviewed	Ammonium transporter AmtB-like domain-containing protein	2282129	Halorubrum sp. Atlit-28R	558
A0A498FNH3	unreviewed	Ammonium transporter AmtB-like domain-containing protein	2282128	Halorubrum sp. Atlit-26R	575
A0A498FNJ6	unreviewed	Ammonium transporter AmtB-like domain-containing protein	2282127	Halorubrum sp. Atlit-9R	558
A0A4D6HLC9	unreviewed	Ammonium transporter AmtB-like domain-containing protein	61858	Natronorubrum bangense	577
A0A4P5P5X0	unreviewed	Ammonium transporter AmtB-like domain-containing protein	2480627	Enterococcus florum	593
A0A4P8WNY4	unreviewed	Ammonium transporter AmtB-like domain-containing protein	88724	Natrinema versiforme	566
A0A4P8XWV5	unreviewed	Ammonium transporter AmtB-like domain-containing protein	2564099	Ruminococcus bovis	572
A0A4P9E8H5	unreviewed	Ammonium transporter AmtB-like domain-containing protein	2479767	Blautia sp. SC05B48	574
A0A4P9TIR6	unreviewed	Ammonium transporter AmtB-like domain-containing protein	69527	Natrinema pallidum	566
A0A4Q0I9H8	unreviewed	Ammonium transporter AmtB-like domain-containing protein	2487273	Acetivibrio mesophilus	584
A0A4Q1RIE4	unreviewed	Ammonium transporter AmtB-like domain-containing protein	2509240	Blautia faecicola	582
A0A4Q2K8E9	unreviewed	Ammonium transporter AmtB-like domain-containing protein	2508949	Candidatus Borkfalkia ceftriaxoniphila	572
A0A4Q5CCE1	unreviewed	Ammonium transporter	33039	[Ruminococcus] torques	570
A0A4Q7PNC0	unreviewed	Ammonium transporter AmtB-like domain-containing protein	1796618	Cuneatibacter caecimuris	578
A0A4R1R5V0	unreviewed	Ammonium transporter AmtB-like domain-containing protein	1469948	Kineothrix alysoides	573
A0A4R3K8Z8	unreviewed	Ammonium transporter AmtB-like domain-containing protein	1796634	Muricomes intestini	577
A0A4S2F9F9	unreviewed	Ammonium transporter AmtB-like domain-containing protein	2049044	Erysipelotrichaceae bacterium	564
A0A4S2HI78	unreviewed	Ammonium transporter AmtB-like domain-containing protein	1898203	Lachnospiraceae bacterium	581
A0A4U5JHX5	unreviewed	Ammonium transporter AmtB-like domain-containing protein	2217661	Natronomonas salsuginis	606
A0A4U7C4Z3	unreviewed	Ammonium transporter AmtB-like domain-containing protein	2518115	Halorubrum sp. CGM5_25_10-8B	558
A0A4U7CDN6	unreviewed	Ammonium transporter AmtB-like domain-containing protein	2518116	Halorubrum sp. CGM4_25_10-8A	558
A0A4U7CEX7	unreviewed	Ammonium transporter AmtB-like domain-containing protein	1855872	Halorubrum sp. ARQ200	558
A0A4U7CTH9	unreviewed	Ammonium transporter AmtB-like domain-containing protein	2518117	Halorubrum sp. SD690R	558
A0A4U7CX07	unreviewed	Ammonium transporter AmtB-like domain-containing protein	1855858	Halorubrum sp. ASP121	558
A0A4U7D6B8	unreviewed	Ammonium transporter AmtB-like domain-containing protein	1537265	Halorubrum sp. SP3	558
A0A4U7DHS4	unreviewed	Ammonium transporter AmtB-like domain-containing protein	2518119	Halorubrum sp. SS7	558
A0A4U7DV69	unreviewed	Ammonium transporter AmtB-like domain-containing protein	2518114	Halorubrum sp. ASP1	558
A0A4U7DZC2	unreviewed	Ammonium transporter AmtB-like domain-containing protein	2518113	Halorubrum sp. GN12_10-3_MGM	558
A0A4U7ELJ5	unreviewed	Ammonium transporter AmtB-like domain-containing protein	2518111	Halorubrum sp. GN11GM_10-3_MGM	555
A0A4U7EV64	unreviewed	Ammonium transporter AmtB-like domain-containing protein	2518112	Halorubrum sp. GN11_10-6_MGM	559
A0A4U7FCH1	unreviewed	Ammonium transporter AmtB-like domain-containing protein	1419722	Halorubrum sp. SD626R	572
A0A4V0Z790	unreviewed	Ammonium transporter AmtB-like domain-containing protein	33035	Blautia producta	584
A0A4V1YJW1	unreviewed	Ammonium transporter AmtB-like domain-containing protein	2478953	Blautia sp. aa_0143	575
A0A4V2QAD3	unreviewed	Ammonium transporter AmtB-like domain-containing protein	1650663	Allofournierella massiliensis	584
A0A4V2W5N5	unreviewed	Ammonium transporter AmtB-like domain-containing protein	1796628	Longibaculum muris	561
A0A4V3G973	unreviewed	Ammonium transporter AmtB-like domain-containing protein	1754012	Breznakia blatticola	554
A0A4V6E5W0	unreviewed	Ammonium transporter AmtB-like domain-containing protein	1537267	Halorubrum sp. SP9	558
A0A4V6E8U1	unreviewed	Ammonium transporter AmtB-like domain-containing protein	1419722	Halorubrum sp. SD626R	555
A0A4V6RUF2	unreviewed	Ammonium transporter AmtB-like domain-containing protein	2419781	Salinadaptatus halalkaliphilus	616
A0A518SEK0	unreviewed	Ammonium transporter AmtB-like domain-containing protein	2599399	Salarchaeum sp. JOR-1	570
A0A521CIM3	unreviewed	Ammonium transporter AmtB-like domain-containing protein	413815	Halorubrum cibi	561
A0A544QNG1	unreviewed	Ammonium transporter AmtB-like domain-containing protein	2511997	Halonotius roseus	561
A0A554NB52	unreviewed	Ammonium transporter AmtB-like domain-containing protein	2234134	Haloglomus irregulare	570
A0A562IDY7	unreviewed	Ammonium transporter AmtB-like domain-containing protein	1880	Micromonospora olivasterospora	599
A0A562IZR5	unreviewed	Ammonium transporter AmtB-like domain-containing protein	130788	Sedimentibacter saalensis	582
A0A564SQM3	unreviewed	Ammonium transporter AmtB-like domain-containing protein	33039	[Ruminococcus] torques	584
A0A564TH32	unreviewed	Ammonium transporter AmtB-like domain-containing protein	88431	Dorea longicatena	584
A0A564UFL7	unreviewed	Ammonium transporter AmtB-like domain-containing protein	40520	Blautia obeum	580
A0A564W4H7	unreviewed	Ammonium transporter AmtB-like domain-containing protein	89014	Blautia luti	574
A0A564WKL7	unreviewed	Ammonium transporter AmtB-like domain-containing protein	418240	Blautia wexlerae	570
A0A5B9YAF3	unreviewed	Ammonium transporter AmtB-like domain-containing protein	2497860	Cellulosilyticum sp. WCF-2	566
A0A5C5E511	unreviewed	Ammonium transporter AmtB-like domain-containing protein	2585775	Trichococcus shcherbakoviae subsp. psychrophilus	559
A0A5C5EBG6	unreviewed	Ammonium transporter AmtB-like domain-containing protein	2585775	Trichococcus shcherbakoviae subsp. psychrophilus	588
A0A5C5EC53	unreviewed	Ammonium transporter AmtB-like domain-containing protein	2585775	Trichococcus shcherbakoviae subsp. psychrophilus	597
A0A5D5AW34	unreviewed	Ammonium transporter AmtB-like domain-containing protein	2448032	Natrialba swarupiae	592
A0A5N5UD98	unreviewed	Ammonium transporter AmtB-like domain-containing protein	2212850	Halosegnis rubeus	530
A0A5N5UDE9	unreviewed	Ammonium transporter AmtB-like domain-containing protein	2212850	Halosegnis rubeus	530
A0A5P6VUB9	unreviewed	Ammonium transporter AmtB-like domain-containing protein	185007	Pseudobutyrivibrio xylanivorans	581
A0A5P9P1L2	unreviewed	Ammonium transporter AmtB-like domain-containing protein	348826	Natronorubrum aibiense	550
A0A5S4VQ68	unreviewed	Ammonium transporter AmtB-like domain-containing protein	39491	Agathobacter rectalis	585
A0A644VC25	unreviewed	Ammonium transporter AmtB-like domain-containing protein	1076179	bioreactor metagenome	565
A0A644WX04	unreviewed	Ammonium transporter AmtB-like domain-containing protein	1076179	bioreactor metagenome	583
A0A644XB04	unreviewed	Ammonium transporter AmtB-like domain-containing protein	1076179	bioreactor metagenome	517
A0A644XV74	unreviewed	Ammonium transporter AmtB-like domain-containing protein	1076179	bioreactor metagenome	582
A0A644Z9R4	unreviewed	Ammonium transporter AmtB-like domain-containing protein	1076179	bioreactor metagenome	680
A0A644ZIW7	unreviewed	Ammonium transporter AmtB-like domain-containing protein	1076179	bioreactor metagenome	574
A0A644ZNG6	unreviewed	Ammonium transporter AmtB-like domain-containing protein	1076179	bioreactor metagenome	597
A0A644ZPI2	unreviewed	Ammonium transporter AmtB-like domain-containing protein	1076179	bioreactor metagenome	375
A0A645A974	unreviewed	Ammonium transporter AmtB-like domain-containing protein	1076179	bioreactor metagenome	342
A0A645ACN2	unreviewed	Ammonium transporter AmtB-like domain-containing protein	1076179	bioreactor metagenome	299
A0A645BQS4	unreviewed	Ammonium transporter AmtB-like domain-containing protein	1076179	bioreactor metagenome	313
A0A645CER2	unreviewed	Ammonium transporter AmtB-like domain-containing protein	1076179	bioreactor metagenome	408
A0A645CQT5	unreviewed	Ammonium transporter AmtB-like domain-containing protein	1076179	bioreactor metagenome	254
A0A645DRW9	unreviewed	Ammonium transporter AmtB-like domain-containing protein	1076179	bioreactor metagenome	240
A0A645E3L8	unreviewed	Ammonium transporter AmtB-like domain-containing protein	1076179	bioreactor metagenome	289
A0A645EF30	unreviewed	Ammonium transporter AmtB-like domain-containing protein	1076179	bioreactor metagenome	203
A0A650EQ74	unreviewed	Ammonium transporter AmtB-like domain-containing protein	201186	uncultured Spirochaetaceae bacterium	567
A0A6A8KQL6	unreviewed	Ammonium transporter AmtB-like domain-containing protein	853	Faecalibacterium prausnitzii	579
A0A6A9SSQ6	unreviewed	Ammonium transporter AmtB-like domain-containing protein	2668070	Natronomonas sp. CBA1123	571
A0A6A9TAA9	unreviewed	Ammonium transporter AmtB-like domain-containing protein	2668072	Halorubrum sp. CBA1125	572
A0A6B0GS07	unreviewed	Ammonium transporter AmtB-like domain-containing protein	671145	Halomarina oriensis	563
A0A6B0HI83	unreviewed	Ammonium transporter AmtB-like domain-containing protein	2690967	Natrialba sp. INN-245	592
A0A6B0SYS2	unreviewed	Ammonium transporter AmtB-like domain-containing protein	2692199	Halovenus carboxidivorans	575
A0A6B0T2D3	unreviewed	Ammonium transporter AmtB-like domain-containing protein	2073113	Halobaculum saliterrae	543
A0A6B0VN73	unreviewed	Ammonium transporter AmtB-like domain-containing protein	2691917	Natronorubrum halalkaliphilum	576
A0A6B1IRM6	unreviewed	Ammonium transporter AmtB-like domain-containing protein	267368	Halorubrum terrestre	559
A0A6B9F5H2	unreviewed	Ammonium transporter AmtB-like domain-containing protein	1816183	Haloplanus rallus	550
A0A6B9Y9J0	unreviewed	Ammonium transporter AmtB-like domain-containing protein	1071085	haloarchaeon 3A1-DGR	555
A0A6G2HCU3	unreviewed	Ammonium transporter AmtB-like domain-containing protein	2690782	Halorubrum sp. JWXQ-INN 858	564
A0A6G3ZFE0	unreviewed	Ammonium transporter AmtB-like domain-containing protein	2283638	Halorussus sp. MSC15.2	557
A0A6G4R7Y5	unreviewed	Ammonium transporter AmtB-like domain-containing protein	1679093	Natronolimnobius sp. AArcel1	601
A0A6I2U995	unreviewed	Ammonium transporter AmtB-like domain-containing protein	1550024	Ruthenibacterium lactatiformans	566
A0A6I2UKJ2	unreviewed	Ammonium transporter AmtB-like domain-containing protein	2652309	Anaerovibrio slackiae	603
A0A6I3QNZ0	unreviewed	Ammonium transporter AmtB-like domain-containing protein	1550024	Ruthenibacterium lactatiformans	566
A0A6L5GU43	unreviewed	Ammonium transporter AmtB-like domain-containing protein	2594427	Candidatus Pseudoramibacter fermentans	583
A0A6L5T631	unreviewed	Ammonium transporter AmtB-like domain-containing protein	39491	Agathobacter rectalis	585
A0A6L5X9N9	unreviewed	Ammonium transporter AmtB-like domain-containing protein	2606632	Porcincola intestinalis	583
A0A6L5YGT4	unreviewed	Ammonium transporter AmtB-like domain-containing protein	2606635	Waltera intestinalis	583
A0A6L5YIP4	unreviewed	Ammonium transporter AmtB-like domain-containing protein	2606635	Waltera intestinalis	556
A0A6L5YR53	unreviewed	Ammonium transporter AmtB-like domain-containing protein	2605790	Roseburia porci	589
A0A6L6LSN8	unreviewed	Ammonium transporter AmtB-like domain-containing protein	1550024	Ruthenibacterium lactatiformans	566
A0A6L8S191	unreviewed	Ammonium transporter AmtB-like domain-containing protein	88431	Dorea longicatena	584
A0A6L8T527	unreviewed	Ammonium transporter AmtB-like domain-containing protein	418240	Blautia wexlerae	570
A0A6L8TE47	unreviewed	Ammonium transporter AmtB-like domain-containing protein	1737424	Blautia massiliensis (ex Durand et al. 2017)	574
A0A6L8XWF0	unreviewed	Ammonium transporter AmtB-like domain-containing protein	418240	Blautia wexlerae	570
A0A6M0LJV3	unreviewed	Ammonium transporter AmtB-like domain-containing protein	185007	Pseudobutyrivibrio xylanivorans	581
A0A6N2TIA4	unreviewed	Ammonium transporter AmtB-like domain-containing protein	649756	Anaerostipes hadrus	581
A0A6N2TQM8	unreviewed	Ammonium transporter AmtB-like domain-containing protein	208479	Enterocloster bolteae	566
A0A6N2U4M3	unreviewed	Ammonium transporter AmtB-like domain-containing protein	536633	Blautia glucerasea	578
A0A6N2U7D4	unreviewed	Ammonium transporter AmtB-like domain-containing protein	59620	uncultured Clostridium sp.	583
A0A6N2W069	unreviewed	Ammonium transporter AmtB-like domain-containing protein	59620	uncultured Clostridium sp.	570
A0A6N3AA00	unreviewed	Ammonium transporter AmtB-like domain-containing protein	59620	uncultured Clostridium sp.	566
A0A6N3FNG1	unreviewed	Ammonium transporter AmtB-like domain-containing protein	261299	Intestinibacter bartlettii	567
A0A6N3UYL6	unreviewed	Ammonium transporter AmtB-like domain-containing protein	142586	Eubacterium sp.	594
A0A6N4AJ78	unreviewed	Ammonium transporter AmtB-like domain-containing protein	1897004	Eubacterium sp. 45_250	594
A0A6N7IXA3	unreviewed	Ammonium transporter AmtB-like domain-containing protein	2599074	Candidatus Weimeria bifida	583
A0A6N7TQV4	unreviewed	Ammonium transporter AmtB-like domain-containing protein	2584645	Faecalibacterium sp. BIOML-A1	581
A0A6N7V013	unreviewed	Ammonium transporter AmtB-like domain-containing protein	2652276	Holdemanella porci	561
A0A6N7VWI5	unreviewed	Ammonium transporter AmtB-like domain-containing protein	2652274	Eisenbergiella porci	596
A0A6N7YD48	unreviewed	Ammonium transporter AmtB-like domain-containing protein	105843	Anaerobutyricum soehngenii	557
A0A6N8H849	unreviewed	Ammonium transporter AmtB-like domain-containing protein	2053618	Subdoligranulum sp.	571
A0A6N9NSM1	unreviewed	Ammonium transporter AmtB-like domain-containing protein	1898204	Clostridiaceae bacterium	585
A0A6N9PAD9	unreviewed	Ammonium transporter AmtB-like domain-containing protein	1898204	Clostridiaceae bacterium	571
A0A6N9PPK6	unreviewed	Ammonium transporter AmtB-like domain-containing protein	2304573	Neglectibacter sp. 59	575
A0A6P1TKI8	unreviewed	Ammonium transporter AmtB-like domain-containing protein	2696063	Anaerocolumna sedimenticola	563
A0A6S6R667	unreviewed	Uncharacterized protein	433286	Anaerocolumna cellulosilytica	566
A0A6S6Y9W4	unreviewed	Ammonium transporter AmtB-like domain-containing protein	2799560	Ruminococcaceae bacterium BL-4	590
A0A7C1PK71	unreviewed	Ammonium transporter AmtB-like domain-containing protein	2268189	Candidatus Scalindua sp.	579
A0A7C4F263	unreviewed	Ammonium transporter AmtB-like domain-containing protein	2044939	Clostridia bacterium	578
A0A7C6H9Z6	unreviewed	Ammonium transporter AmtB-like domain-containing protein	1898204	Clostridiaceae bacterium	571
A0A7C6NVQ5	unreviewed	Ammonium transporter AmtB-like domain-containing protein	1898207	Clostridiales bacterium	564
A0A7C6R6E7	unreviewed	Ammonium transporter AmtB-like domain-containing protein	1898207	Clostridiales bacterium	581
A0A7C7EJX6	unreviewed	Ammonium transporter AmtB-like domain-containing protein	1898207	Clostridiales bacterium	585
A0A7C7ENP5	unreviewed	Ammonium transporter AmtB-like domain-containing protein	1898207	Clostridiales bacterium	568
A0A7C8HFW2	unreviewed	Ammonium transporter AmtB-like domain-containing protein	1450156	Defluviitalea raffinosedens	591
A0A7C8LE71	unreviewed	Ammonium transporter AmtB-like domain-containing protein	1450156	Defluviitalea raffinosedens	559
A0A7C9KXI6	unreviewed	Ammonium transporter AmtB-like domain-containing protein	39485	Lachnospira eligens	582
A0A7D4BPZ6	unreviewed	Ammonium transporter AmtB-like domain-containing protein	2739057	Halorubrum salinarum	558
A0A7D4Y6E4	unreviewed	Ammonium transporter AmtB-like domain-containing protein	1853699	Halorubrum sp. CBA1229	572
A0A7D5E5D8	unreviewed	Ammonium transporter AmtB-like domain-containing protein	1853682	Halarchaeum sp. CBA1220	552
A0A7D5GLZ7	unreviewed	Ammonium transporter AmtB-like domain-containing protein	2743090	Halorarum halophilum	593
A0A7D5HVG8	unreviewed	Ammonium transporter AmtB-like domain-containing protein	1853682	Halarchaeum sp. CBA1220	605
A0A7D5KDW5	unreviewed	Ammonium transporter AmtB-like domain-containing protein	1699371	Natrinema halophilum	559
A0A7D5QD99	unreviewed	Ammonium transporter AmtB-like domain-containing protein	2743089	Halorarum salinum	537
A0A7D6H3L9	unreviewed	Ammonium transporter AmtB-like domain-containing protein	1710539	Natrinema zhouii	554
A0A7G9FKU0	unreviewed	Ammonium transporter AmtB-like domain-containing protein	2763670	Wujia chipingensis	587
A0A7G9FW70	unreviewed	Ammonium transporter AmtB-like domain-containing protein	2763672	Simiaoa sunii	583
A0A7G9G952	unreviewed	Ammonium transporter AmtB-like domain-containing protein	2763667	Wansuia hejianensis	584
A0A7S7EV90	unreviewed	Ammonium transporter AmtB-like domain-containing protein	1898207	Clostridiales bacterium	560
A0A7T3RCF2	unreviewed	Ammonium transporter AmtB-like domain-containing protein	2787628	Treponema peruense	580
A0A7U9QXY8	unreviewed	Ammonium transporter AmtB-like domain-containing protein	1898203	Lachnospiraceae bacterium	585
A0A7U9R1V9	unreviewed	Ammonium transporter AmtB-like domain-containing protein	1898203	Lachnospiraceae bacterium	581
A0A7U9R3D7	unreviewed	Ammonium transporter AmtB-like domain-containing protein	1898203	Lachnospiraceae bacterium	585
A0A7U9R5J5	unreviewed	Ammonium transporter AmtB-like domain-containing protein	1898203	Lachnospiraceae bacterium	585
A0A7U9SYL3	unreviewed	Ammonium transporter AmtB-like domain-containing protein	1898203	Lachnospiraceae bacterium	506
A0A7U9T6R9	unreviewed	Ammonium transporter AmtB-like domain-containing protein	1898203	Lachnospiraceae bacterium	581
A0A7U9X625	unreviewed	Ammonium transporter AmtB-like domain-containing protein	1898203	Lachnospiraceae bacterium	583
A0A7W8CXJ6	unreviewed	Ammonium transporter AmtB-like domain-containing protein	700500	Catenisphaera adipataccumulans	562
A0A7W8D0F3	unreviewed	Ammonium transporter AmtB-like domain-containing protein	915173	Faecalicoccus acidiformans	572
A0A7W8G7U4	unreviewed	Ammonium transporter AmtB-like domain-containing protein	744515	Treponema ruminis	576
A0A7X2N3T3	unreviewed	Ammonium transporter AmtB-like domain-containing protein	2606629	Floccifex porci	570
A0A7X2P6X1	unreviewed	Ammonium transporter AmtB-like domain-containing protein	2606636	Bilifractor porci	584
A0A7X2PCT8	unreviewed	Ammonium transporter AmtB-like domain-containing protein	2606638	Bullifex porci	559
A0A7X2TAH0	unreviewed	Ammonium transporter AmtB-like domain-containing protein	2606631	Pseudoramibacter porci	583
A0A7X2TKZ1	unreviewed	Ammonium transporter AmtB-like domain-containing protein	2606633	Oliverpabstia intestinalis	582
A0A7X3ASZ8	unreviewed	Ammonium transporter AmtB-like domain-containing protein	1945593	Oscillibacter sp.	574
A0A7X3BVN0	unreviewed	Ammonium transporter AmtB-like domain-containing protein	33025	Phascolarctobacterium faecium	563
A0A7X3MJ87	unreviewed	Ammonium transporter AmtB-like domain-containing protein	2681861	Sporofaciens musculi	585
A0A7X4IAQ1	unreviewed	Ammonium transporter AmtB-like domain-containing protein	2584627	Clostridium sp. BIOML-A1	593
A0A7X4Z7P0	unreviewed	Ammonium transporter AmtB-like domain-containing protein	1898203	Lachnospiraceae bacterium	582
A0A7X5ITR0	unreviewed	Ammonium transporter AmtB-like domain-containing protein	1898203	Lachnospiraceae bacterium	585
A0A7X5L0V8	unreviewed	Ammonium transporter AmtB-like domain-containing protein	1235793	Lachnospiraceae bacterium MD335	596
A0A7X6Z9C6	unreviewed	Ammonium transporter AmtB-like domain-containing protein	1898204	Clostridiaceae bacterium	575
A0A7X7EBR4	unreviewed	Ammonium transporter AmtB-like domain-containing protein	2026792	Spirochaetales bacterium	562
A0A7X7L7D2	unreviewed	Ammonium transporter AmtB-like domain-containing protein	1898204	Clostridiaceae bacterium	471
A0A7X7MUH8	unreviewed	Ammonium transporter AmtB-like domain-containing protein	2044939	Clostridia bacterium	574
A0A7X7SX82	unreviewed	Ammonium transporter AmtB-like domain-containing protein	1898204	Clostridiaceae bacterium	586
A0A7X8LYU7	unreviewed	Ammonium transporter AmtB-like domain-containing protein	1898204	Clostridiaceae bacterium	586
A0A7X8PRI9	unreviewed	Ammonium transporter AmtB-like domain-containing protein	1898204	Clostridiaceae bacterium	568
A0A7X8ZM44	unreviewed	Ammonium transporter AmtB-like domain-containing protein	2026792	Spirochaetales bacterium	554
A0A828T2Z2	unreviewed	Ammonium transporter AmtB-like domain-containing protein	658081	Lachnospiraceae bacterium 1_1_57FAA	570
A0A829VSR2	unreviewed	Ammonium transporter AmtB-like domain-containing protein	1531	Enterocloster clostridioformis	565
A0A830EVM0	unreviewed	Ammonium transporter AmtB-like domain-containing protein	1193105	Halarchaeum grantii	552
A0A830EVZ3	unreviewed	Ammonium transporter AmtB-like domain-containing protein	1193105	Halarchaeum grantii	605
A0A830EZG5	unreviewed	Ammonium transporter AmtB-like domain-containing protein	1383812	Halocalculus aciditolerans	562
A0A830G1F5	unreviewed	Ammonium transporter AmtB-like domain-containing protein	489911	Halarchaeum rubridurum	553
A0A830G1M4	unreviewed	Ammonium transporter AmtB-like domain-containing protein	489911	Halarchaeum rubridurum	608
A0A830G6D7	unreviewed	Ammonium transporter AmtB-like domain-containing protein	489913	Halarchaeum nitratireducens	606
A0A830G7F1	unreviewed	Ammonium transporter AmtB-like domain-containing protein	489913	Halarchaeum nitratireducens	553
A0A830GGW9	unreviewed	Ammonium transporter AmtB-like domain-containing protein	1427151	Haloarcula pellucida	544
A0A840SDZ1	unreviewed	Ammonium transporter AmtB-like domain-containing protein	744512	Treponema rectale	559
A0A840UFH7	unreviewed	Ammonium transporter AmtB-like domain-containing protein	862415	Pectinatus brassicae	599
A0A844DI00	unreviewed	Ammonium transporter AmtB-like domain-containing protein	853	Faecalibacterium prausnitzii	579
A0A844DSN8	unreviewed	Ammonium transporter AmtB-like domain-containing protein	853	Faecalibacterium prausnitzii	580
A0A844E1F8	unreviewed	Ammonium transporter AmtB-like domain-containing protein	39490	Eubacterium ramulus	585
A0A844EBW4	unreviewed	Ammonium transporter AmtB-like domain-containing protein	2584647	Faecalibacterium sp. BIOML-A3	581
A0A844GK08	unreviewed	Ammonium transporter AmtB-like domain-containing protein	649762	Blautia luti DSM 14534 = JCM 17040	570
A0A844KH10	unreviewed	Ammonium transporter AmtB-like domain-containing protein	592978	Mediterraneibacter faecis	576
A0A844KJ37	unreviewed	Ammonium transporter AmtB-like domain-containing protein	301302	Roseburia faecis	583
A0A845KTN8	unreviewed	Ammonium transporter AmtB-like domain-containing protein	2584637	Dorea sp. BIOML-A1	584
A0A847CH26	unreviewed	Ammonium transporter AmtB-like domain-containing protein	166	Treponema sp.	578
A0A847D572	unreviewed	Ammonium transporter AmtB-like domain-containing protein	82803	Trichococcus flocculiformis	597
A0A847D5D1	unreviewed	Ammonium transporter AmtB-like domain-containing protein	82803	Trichococcus flocculiformis	559
A0A847N1P0	unreviewed	Ammonium transporter AmtB-like domain-containing protein	2026792	Spirochaetales bacterium	563
A0A848B3Q7	unreviewed	Ammonium transporter AmtB-like domain-containing protein	416586	Selenomonas bovis	599
A0A848CN11	unreviewed	Ammonium transporter AmtB-like domain-containing protein	39486	Dorea formicigenerans	576
A0A848EP92	unreviewed	Ammonium transporter AmtB-like domain-containing protein	907	Megasphaera elsdenii	575
A0A855A551	unreviewed	Ammonium transporter AmtB-like domain-containing protein	428125	[Clostridium] leptum DSM 753	582
A0A897MVN0	unreviewed	Ammonium transporter AmtB-like domain-containing protein	2784880	Natranaeroarchaeum sulfidigenes	599
A0A8A2UE16	unreviewed	Ammonium transporter AmtB-like domain-containing protein	370324	Natrinema longum	552
A0A8A2VRW2	unreviewed	Ammonium transporter AmtB-like domain-containing protein	2816475	Haloterrigena alkaliphila	556
A0A8E0R6M4	unreviewed	Ammonium transporter AmtB-like domain-containing protein	1971605	Faecalibacterium sp.	581
A0A8E8EWD3	unreviewed	Ammonium transporter AmtB-like domain-containing protein	2836432	Halorubrum sp. 2020YC2	572
A0A8F2F0Z1	unreviewed	Ammonium transporter AmtB-like domain-containing protein	2841518	Christensenella sp. MSJ-20	554
A0A8G1HA07	unreviewed	Ammonium transporter AmtB-like domain-containing protein	2862870	Salinarchaeum sp. IM2453	590
A0A8G1TG76	unreviewed	Ammonium transporter AmtB-like domain-containing protein	2292195	Blautia sp. AF13-16	583
A0A8H9WS41	unreviewed	Ammonium transporter AmtB-like domain-containing protein	2026742	Gemmatimonadota bacterium	584
A0A8I0AFC7	unreviewed	Ammonium transporter AmtB-like domain-containing protein	2763030	Blautia segnis	576
A0A8I0AML0	unreviewed	Ammonium transporter AmtB-like domain-containing protein	2763039	Coprococcus hominis (ex Liu et al. 2022)	597
A0A8J6MF22	unreviewed	Ammonium transporter AmtB-like domain-containing protein	2763053	Lawsonibacter hominis	561
A0A8J6PFH8	unreviewed	Ammonium transporter AmtB-like domain-containing protein	1987501	Massiliimalia timonensis	577
A0A8J7H066	unreviewed	Ammonium transporter AmtB-like domain-containing protein	1462919	Mobilitalea sibirica	565
A0A8J7RSZ7	unreviewed	Ammonium transporter AmtB-like domain-containing protein	29284	Halorubrum trapanicum	559
A0A8J7W099	unreviewed	Ammonium transporter AmtB-like domain-containing protein	2818044	Sinanaerobacter chloroacetimidivorans	571
A0A8J7ZL15	unreviewed	Ammonium transporter AmtB-like domain-containing protein	2716716	Halostella sp. JP-L12	550
A0A8J8GL03	unreviewed	Ammonium transporter AmtB-like domain-containing protein	2741724	Haloterrigena gelatinilytica	587
A0A8J8JLU4	unreviewed	Ammonium transporter AmtB-like domain-containing protein	1961921	Natronococcus sp. JC468	548
A0A8J8Q713	unreviewed	Ammonium transporter AmtB-like domain-containing protein	2055836	Natronococcus pandeyae	577
A0A8J8TCR8	unreviewed	Ammonium transporter AmtB-like domain-containing protein	2487750	Halonotius terrestris	579
A0A8T4GKS8	unreviewed	Ammonium transporter AmtB-like domain-containing protein	261290	Halorubrum alkaliphilum	587
A0A8T4JNY7	unreviewed	Ammonium transporter AmtB-like domain-containing protein	2830655	Oscillospiraceae bacterium Marseille-Q3528	569
A0A8T8E5C4	unreviewed	Ammonium transporter AmtB-like domain-containing protein	2675099	Haloterrigena salifodinae	590
A0A8T8LM48	unreviewed	Ammonium transporter AmtB-like domain-containing protein	35743	Halorubrum sodomense	575
A0A8T8WGV8	unreviewed	Ammonium transporter AmtB-like domain-containing protein	1017351	Halobaculum magnesiiphilum	543
A0A8U0A4W0	unreviewed	Ammonium transporter AmtB-like domain-containing protein	2934340	Halocatena salina	559
A0A8U0HXP0	unreviewed	Ammonium transporter AmtB-like domain-containing protein	2938695	Halorussus limi	559
A0A8U0IMA8	unreviewed	Ammonium transporter AmtB-like domain-containing protein	2937524	Halorussus gelatinilyticus	555
A0A921CQD5	unreviewed	Ammonium transporter AmtB-like domain-containing protein	1898204	Clostridiaceae bacterium	586
A0A921IJH5	unreviewed	Ammonium transporter AmtB-like domain-containing protein	214851	Subdoligranulum variabile	571
A0A923L9M9	unreviewed	Ammonium transporter AmtB-like domain-containing protein	2763017	Anaerosacchariphilus hominis	581
A0A923LJB6	unreviewed	Ammonium transporter AmtB-like domain-containing protein	2763054	Mediterraneibacter hominis	561
A0A923LT31	unreviewed	Ammonium transporter AmtB-like domain-containing protein	2763013	Agathobaculum faecis	579
A0A923MJ15	unreviewed	Ammonium transporter AmtB-like domain-containing protein	2763042	Dysosmobacter segnis	573
A0A926D072	unreviewed	Ammonium transporter AmtB-like domain-containing protein	2763654	Luoshenia tenuis	574
A0A926D5K8	unreviewed	Ammonium transporter AmtB-like domain-containing protein	2763662	Yeguia hominis	573
A0A926DHB2	unreviewed	Ammonium transporter AmtB-like domain-containing protein	2763656	Guopingia tenuis	571
A0A926DNP9	unreviewed	Ammonium transporter AmtB-like domain-containing protein	2763657	Congzhengia minquanensis	586
A0A926DY84	unreviewed	Ammonium transporter AmtB-like domain-containing protein	2763658	Ligaoa zhengdingensis	568
A0A926ESD9	unreviewed	Ammonium transporter AmtB-like domain-containing protein	2763678	Youxingia wuxianensis	562
A0A926HPS3	unreviewed	Ammonium transporter AmtB-like domain-containing protein	2763655	Gehongia tenuis	578
A0A926I1D1	unreviewed	Ammonium transporter AmtB-like domain-containing protein	2763661	Bianquea renquensis	570
A0A926IBE3	unreviewed	Ammonium transporter AmtB-like domain-containing protein	2763677	Zongyangia hominis	583
A0A926ITG4	unreviewed	Ammonium transporter AmtB-like domain-containing protein	2763676	Qingrenia yutianensis	576
A0A927TB29	unreviewed	Ammonium transporter AmtB-like domain-containing protein	1898203	Lachnospiraceae bacterium	589
A0A927TT45	unreviewed	Ammonium transporter AmtB-like domain-containing protein	1898203	Lachnospiraceae bacterium	576
A0A927U2I5	unreviewed	Ammonium transporter AmtB-like domain-containing protein	2014367	Pseudobutyrivibrio sp.	581
A0A927UCK5	unreviewed	Ammonium transporter AmtB-like domain-containing protein	46206	Pseudobutyrivibrio ruminis	581
A0A927UFI4	unreviewed	Ammonium transporter AmtB-like domain-containing protein	1898203	Lachnospiraceae bacterium	587
A0A927VG47	unreviewed	Ammonium transporter AmtB-like domain-containing protein	1898203	Lachnospiraceae bacterium	580
A0A927Y2C9	unreviewed	Ammonium transporter AmtB-like domain-containing protein	1898203	Lachnospiraceae bacterium	580
A0A927Z8W5	unreviewed	Ammonium transporter AmtB-like domain-containing protein	1898203	Lachnospiraceae bacterium	595
A0A928MLI3	unreviewed	Ammonium transporter AmtB-like domain-containing protein	2485925	Oscillospiraceae bacterium	572
A0A928PDI2	unreviewed	Ammonium transporter AmtB-like domain-containing protein	2485925	Oscillospiraceae bacterium	573
A0A928PL84	unreviewed	Ammonium transporter AmtB-like domain-containing protein	2485925	Oscillospiraceae bacterium	583
A0A929PZG7	unreviewed	Ammonium transporter AmtB-like domain-containing protein	2211365	Erysipelotrichaceae bacterium RD49	561
A0A931YR25	unreviewed	Ammonium transporter AmtB-like domain-containing protein	2026780	Planctomycetota bacterium	577
A0A934U4C2	unreviewed	Ammonium transporter AmtB-like domain-containing protein	2763069	Ruminococcus difficilis	585
A0A934WTK7	unreviewed	Ammonium transporter AmtB-like domain-containing protein	2763069	Ruminococcus difficilis	585
A0A939R7F4	unreviewed	Ammonium transporter AmtB-like domain-containing protein	1898203	Lachnospiraceae bacterium	590
A0A939UAT0	unreviewed	Ammonium transporter AmtB-like domain-containing protein	166	Treponema sp.	557
A0A939UJD4	unreviewed	Ammonium transporter AmtB-like domain-containing protein	2044939	Clostridia bacterium	589
A0A939UJK2	unreviewed	Ammonium transporter AmtB-like domain-containing protein	2044939	Clostridia bacterium	589
A0A939UZL6	unreviewed	Ammonium transporter AmtB-like domain-containing protein	1898207	Clostridiales bacterium	355
A0A939W207	unreviewed	Ammonium transporter AmtB-like domain-containing protein	166	Treponema sp.	485
A0A939W7Z3	unreviewed	Ammonium transporter AmtB-like domain-containing protein	1898203	Lachnospiraceae bacterium	589
A0A939WC21	unreviewed	Ammonium transporter AmtB-like domain-containing protein	1898207	Clostridiales bacterium	618
A0A939WLQ2	unreviewed	Ammonium transporter AmtB-like domain-containing protein	1898206	Spirochaetaceae bacterium	562
A0A939YG34	unreviewed	Ammonium transporter AmtB-like domain-containing protein	142586	Eubacterium sp.	588
A0A939YK48	unreviewed	Ammonium transporter AmtB-like domain-containing protein	2044939	Clostridia bacterium	588
A0A939ZC13	unreviewed	Ammonium transporter AmtB-like domain-containing protein	2044939	Clostridia bacterium	582
A0A939ZGI3	unreviewed	Ammonium transporter AmtB-like domain-containing protein	1898203	Lachnospiraceae bacterium	589
A0A940AES9	unreviewed	Ammonium transporter AmtB-like domain-containing protein	1898203	Lachnospiraceae bacterium	572
A0A940AK69	unreviewed	Ammonium transporter AmtB-like domain-containing protein	166	Treponema sp.	557
A0A940B3T7	unreviewed	Ammonium transporter AmtB-like domain-containing protein	1898206	Spirochaetaceae bacterium	566
A0A940C6R1	unreviewed	Ammonium transporter AmtB-like domain-containing protein	2044939	Clostridia bacterium	584
A0A940HNM9	unreviewed	Ammonium transporter AmtB-like domain-containing protein	2044939	Clostridia bacterium	588
A0A940QD87	unreviewed	Ammonium transporter AmtB-like domain-containing protein	2485925	Oscillospiraceae bacterium	609
A0A942AJH2	unreviewed	Ammonium transporter AmtB-like domain-containing protein	2054177	Christensenellaceae bacterium	581
A0A942ZYB7	unreviewed	Ammonium transporter AmtB-like domain-containing protein	1898207	Clostridiales bacterium	574
A0A943BNF2	unreviewed	Ammonium transporter AmtB-like domain-containing protein	1879010	Bacillota bacterium	570
A0A943C7N0	unreviewed	Ammonium transporter AmtB-like domain-containing protein	1898203	Lachnospiraceae bacterium	585
A0A943ED55	unreviewed	Ammonium transporter AmtB-like domain-containing protein	1898207	Clostridiales bacterium	554
A0A943GCU7	unreviewed	Ammonium transporter AmtB-like domain-containing protein	1898207	Clostridiales bacterium	588
A0A943GRX7	unreviewed	Ammonium transporter AmtB-like domain-containing protein	1872531	Anaerotruncus sp.	571
A0A943HIE2	unreviewed	Ammonium transporter AmtB-like domain-containing protein	214851	Subdoligranulum variabile	571
A0A943J076	unreviewed	Ammonium transporter AmtB-like domain-containing protein	1898207	Clostridiales bacterium	588
A0A943NYK0	unreviewed	Ammonium transporter AmtB-like domain-containing protein	1898207	Clostridiales bacterium	576
A0A943QFJ1	unreviewed	Ammonium transporter AmtB-like domain-containing protein	1506	Clostridium sp.	581
A0A943RHW1	unreviewed	Ammonium transporter AmtB-like domain-containing protein	1945593	Oscillibacter sp.	574
A0A943SBH9	unreviewed	Ammonium transporter AmtB-like domain-containing protein	1506	Clostridium sp.	585
A0A943SBR8	unreviewed	Ammonium transporter AmtB-like domain-containing protein	1506	Clostridium sp.	570
A0A943TBR5	unreviewed	Ammonium transporter AmtB-like domain-containing protein	2049040	Roseburia sp.	582
A0A943WTH4	unreviewed	Ammonium transporter AmtB-like domain-containing protein	1898207	Clostridiales bacterium	572
A0A943WXB1	unreviewed	Ammonium transporter AmtB-like domain-containing protein	142586	Eubacterium sp.	579
A0A944A298	unreviewed	Ammonium transporter AmtB-like domain-containing protein	166	Treponema sp.	577
A0A944FZF3	unreviewed	Ammonium transporter AmtB-like domain-containing protein	166	Treponema sp.	574
A0A944GNI5	unreviewed	Ammonium transporter AmtB-like domain-containing protein	2053608	Ruminiclostridium sp.	434
A0A945Z3Y5	unreviewed	Ammonium transporter AmtB-like domain-containing protein	2268189	Candidatus Scalindua sp.	243
A0A965WS94	unreviewed	Ammonium transporter AmtB-like domain-containing protein	2044939	Clostridia bacterium	412
A0A965XL35	unreviewed	Ammonium transporter AmtB-like domain-containing protein	2044939	Clostridia bacterium	581
A0A965Y123	unreviewed	Ammonium transporter AmtB-like domain-containing protein	2044939	Clostridia bacterium	563
A0A966DAA4	unreviewed	Ammonium transporter AmtB-like domain-containing protein	2053615	Spirochaetia bacterium	563
A0A970C9J4	unreviewed	Ammonium transporter AmtB-like domain-containing protein	1898207	Clostridiales bacterium	569
A0A970EGU6	unreviewed	Ammonium transporter AmtB-like domain-containing protein	1898204	Clostridiaceae bacterium	588
A0A970EUV8	unreviewed	Ammonium transporter AmtB-like domain-containing protein	1898207	Clostridiales bacterium	584
A0A970FKS3	unreviewed	Ammonium transporter AmtB-like domain-containing protein	1898204	Clostridiaceae bacterium	583
A0A970GXT2	unreviewed	Ammonium transporter AmtB-like domain-containing protein	1898204	Clostridiaceae bacterium	276
A0A970MCH7	unreviewed	Ammonium transporter AmtB-like domain-containing protein	1898204	Clostridiaceae bacterium	561
A0A970N9Z6	unreviewed	Ammonium transporter AmtB-like domain-containing protein	1898207	Clostridiales bacterium	216
A0A970QFG0	unreviewed	Ammonium transporter AmtB-like domain-containing protein	1898204	Clostridiaceae bacterium	575
A0A970R0N6	unreviewed	Ammonium transporter AmtB-like domain-containing protein	1898207	Clostridiales bacterium	580
A0A970UKX5	unreviewed	Ammonium transporter AmtB-like domain-containing protein	1898204	Clostridiaceae bacterium	373
A0A970WAS2	unreviewed	Ammonium transporter AmtB-like domain-containing protein	2485925	Oscillospiraceae bacterium	590
A0A970XEB3	unreviewed	Ammonium transporter AmtB-like domain-containing protein	1898207	Clostridiales bacterium	578
A0A970YC48	unreviewed	Ammonium transporter AmtB-like domain-containing protein	1898207	Clostridiales bacterium	586
A0A970ZDE8	unreviewed	Ammonium transporter AmtB-like domain-containing protein	1898207	Clostridiales bacterium	585
A0A971AMS4	unreviewed	Ammonium transporter AmtB-like domain-containing protein	1898207	Clostridiales bacterium	573
A0A971EW76	unreviewed	Ammonium transporter AmtB-like domain-containing protein	1898204	Clostridiaceae bacterium	571
A0A971G133	unreviewed	Ammonium transporter AmtB-like domain-containing protein	1898207	Clostridiales bacterium	578
A0A971NXA9	unreviewed	Ammonium transporter AmtB-like domain-containing protein	1898207	Clostridiales bacterium	575
A0A971PA06	unreviewed	Ammonium transporter AmtB-like domain-containing protein	1898204	Clostridiaceae bacterium	578
A0A971UX20	unreviewed	Ammonium transporter AmtB-like domain-containing protein	1898204	Clostridiaceae bacterium	586
A0A971V5Y6	unreviewed	Ammonium transporter AmtB-like domain-containing protein	1898204	Clostridiaceae bacterium	492
A0A971YEX5	unreviewed	Ammonium transporter AmtB-like domain-containing protein	1898204	Clostridiaceae bacterium	586
A0A975CXD7	unreviewed	Ammonium transporter AmtB-like domain-containing protein	1898207	Clostridiales bacterium	572
A0A9C7QEY2	unreviewed	Ammonium transporter AmtB-like domain-containing protein	2485925	Oscillospiraceae bacterium	328
A0A9C8KA51	unreviewed	Ammonium transporter AmtB-like domain-containing protein	2268138	Pricia sp.	420
A0A9D0XUZ3	unreviewed	Ammonium transporter AmtB-like domain-containing protein	1898204	Clostridiaceae bacterium	586
A0A9D0Z6J7	unreviewed	Ammonium transporter AmtB-like domain-containing protein	2840708	Candidatus Avoscillospira stercorigallinarum	567
A0A9D1AF25	unreviewed	Ammonium transporter AmtB-like domain-containing protein	2840751	Candidatus Coproplasma stercoripullorum	593
A0A9D1AN72	unreviewed	Ammonium transporter AmtB-like domain-containing protein	2840721	Candidatus Caccousia avicola	575
A0A9D1DY38	unreviewed	Ammonium transporter AmtB-like domain-containing protein	2840803	Candidatus Faecivivens stercoravium	577
A0A9D1E5J4	unreviewed	Ammonium transporter AmtB-like domain-containing protein	2840744	Candidatus Coproplasma avicola	595
A0A9D1EJI6	unreviewed	Ammonium transporter AmtB-like domain-containing protein	2840777	Candidatus Egerieimonas intestinavium	584
A0A9D1EP53	unreviewed	Ammonium transporter AmtB-like domain-containing protein	2840799	Candidatus Faeciplasma gallinarum	585
A0A9D1FSP6	unreviewed	Ammonium transporter AmtB-like domain-containing protein	2840723	Candidatus Caccousia stercoris	577
A0A9D1GTR9	unreviewed	Ammonium transporter AmtB-like domain-containing protein	2840800	Candidatus Faeciplasma pullistercoris	585
A0A9D1H983	unreviewed	Ammonium transporter AmtB-like domain-containing protein	2840805	Candidatus Faecivivens stercoripullorum	573
A0A9D1HIU9	unreviewed	Ammonium transporter AmtB-like domain-containing protein	2840694	Candidatus Avidehalobacter gallistercoris	568
A0A9D1IAD9	unreviewed	Ammonium transporter AmtB-like domain-containing protein	2840963	Candidatus Egerieisoma faecipullorum	510
A0A9D1IAR5	unreviewed	Ammonium transporter AmtB-like domain-containing protein	2840907	Candidatus Pullichristensenella excrementigallinarum	567
A0A9D1IFL3	unreviewed	Ammonium transporter AmtB-like domain-containing protein	2840816	Candidatus Fimenecus excrementigallinarum	579
A0A9D1K626	unreviewed	Ammonium transporter AmtB-like domain-containing protein	2840668	Candidatus Alectryocaccomicrobium excrementavium	569
A0A9D1LT03	unreviewed	Ammonium transporter AmtB-like domain-containing protein	2840814	Candidatus Fimadaptatus faecigallinarum	554
A0A9D1MK71	unreviewed	Ammonium transporter AmtB-like domain-containing protein	2840747	Candidatus Coproplasma excrementigallinarum	594
A0A9D1NRD6	unreviewed	Ammonium transporter AmtB-like domain-containing protein	2840798	Candidatus Faeciplasma avium	578
A0A9D1NUM8	unreviewed	Ammonium transporter AmtB-like domain-containing protein	2840913	Candidatus Pullilachnospira stercoravium	576
A0A9D1P0E7	unreviewed	Ammonium transporter AmtB-like domain-containing protein	2840864	Candidatus Merdiplasma excrementigallinarum	598
A0A9D1PAS3	unreviewed	Ammonium transporter AmtB-like domain-containing protein	2840890	Candidatus Ornithocaccomicrobium faecavium	567
A0A9D1PI59	unreviewed	Ammonium transporter AmtB-like domain-containing protein	2838518	Candidatus Butyricicoccus avistercoris	572
A0A9D1Q0C9	unreviewed	Ammonium transporter AmtB-like domain-containing protein	2838741	Candidatus Protoclostridium stercorigallinarum	573
A0A9D1QM78	unreviewed	Ammonium transporter AmtB-like domain-containing protein	1879010	Bacillota bacterium	580
A0A9D1R782	unreviewed	Ammonium transporter AmtB-like domain-containing protein	2838414	Candidatus Acetatifactor stercoripullorum	587
A0A9D1RDL4	unreviewed	Ammonium transporter AmtB-like domain-containing protein	2838571	Candidatus Eubacterium faecipullorum	578
A0A9D1RTV9	unreviewed	Ammonium transporter AmtB-like domain-containing protein	2838590	Candidatus Flavonifractor merdipullorum	566
A0A9D1TW90	unreviewed	Ammonium transporter AmtB-like domain-containing protein	2838581	Candidatus Faecalibacterium intestinigallinarum	576
A0A9D1U734	unreviewed	Ammonium transporter AmtB-like domain-containing protein	1879010	Bacillota bacterium	572
A0A9D1V8E3	unreviewed	Ammonium transporter AmtB-like domain-containing protein	2838510	Candidatus Borkfalkia faecipullorum	577
A0A9D1VYY3	unreviewed	Ammonium transporter AmtB-like domain-containing protein	2838661	Candidatus Mediterraneibacter caccavium	577
A0A9D1WJ49	unreviewed	Ammonium transporter AmtB-like domain-containing protein	2838490	Candidatus Blautia gallistercoris	586
A0A9D1XX72	unreviewed	Ammonium transporter AmtB-like domain-containing protein	1879010	Bacillota bacterium	570
A0A9D1XZ54	unreviewed	Ammonium transporter AmtB-like domain-containing protein	2838610	Candidatus Gemmiger excrementipullorum	576
A0A9D1Y891	unreviewed	Ammonium transporter AmtB-like domain-containing protein	2838589	Candidatus Flavonifractor merdigallinarum	579
A0A9D1YLV6	unreviewed	Ammonium transporter AmtB-like domain-containing protein	2838555	Candidatus Eisenbergiella pullistercoris	588
A0A9D1Z3V4	unreviewed	Ammonium transporter AmtB-like domain-containing protein	2838622	Candidatus Intestinimonas merdavium	566
A0A9D1Z6E6	unreviewed	Ammonium transporter AmtB-like domain-containing protein	2838505	Candidatus Borkfalkia excrementavium	589
A0A9D1ZTG1	unreviewed	Ammonium transporter AmtB-like domain-containing protein	2838506	Candidatus Borkfalkia excrementigallinarum	587
A0A9D2A8K9	unreviewed	Ammonium transporter AmtB-like domain-containing protein	2838504	Candidatus Borkfalkia avistercoris	581
A0A9D2AJ74	unreviewed	Ammonium transporter AmtB-like domain-containing protein	1879010	Bacillota bacterium	561
A0A9D2B956	unreviewed	Ammonium transporter AmtB-like domain-containing protein	2838463	Candidatus Anaerostipes excrementavium	580
A0A9D2C039	unreviewed	Ammonium transporter AmtB-like domain-containing protein	2838418	Candidatus Acutalibacter pullistercoris	573
A0A9D2D658	unreviewed	Ammonium transporter AmtB-like domain-containing protein	2838503	Candidatus Borkfalkia avicola	165
A0A9D2DQS4	unreviewed	Ammonium transporter AmtB-like domain-containing protein	2838488	Candidatus Blautia faecigallinarum	580
A0A9D2ET86	unreviewed	Ammonium transporter AmtB-like domain-containing protein	2838609	Candidatus Gemmiger excrementigallinarum	571
A0A9D2FHB1	unreviewed	Ammonium transporter AmtB-like domain-containing protein	2838579	Candidatus Faecalibacterium gallistercoris	573
A0A9D2FRZ0	unreviewed	Ammonium transporter AmtB-like domain-containing protein	2838498	Candidatus Blautia pullicola	561
A0A9D2I7W5	unreviewed	Ammonium transporter AmtB-like domain-containing protein	2838553	Candidatus Eisenbergiella merdipullorum	584
A0A9D2IQW6	unreviewed	Ammonium transporter AmtB-like domain-containing protein	1879010	Bacillota bacterium	540
A0A9D2ISQ7	unreviewed	Ammonium transporter AmtB-like domain-containing protein	1879010	Bacillota bacterium	578
A0A9D2L3A6	unreviewed	Ammonium transporter AmtB-like domain-containing protein	1879010	Bacillota bacterium	591
A0A9D2LXL7	unreviewed	Ammonium transporter AmtB-like domain-containing protein	2838416	Candidatus Acutalibacter ornithocaccae	573
A0A9D2MKL6	unreviewed	Ammonium transporter AmtB-like domain-containing protein	2838586	Candidatus Flavonifractor intestinigallinarum	569
A0A9D2MY18	unreviewed	Ammonium transporter AmtB-like domain-containing protein	2838417	Candidatus Acutalibacter pullicola	573
A0A9D2MZN5	unreviewed	Ammonium transporter AmtB-like domain-containing protein	2838559	Candidatus Enterocloster excrementipullorum	580
A0A9D2NFE9	unreviewed	Ammonium transporter AmtB-like domain-containing protein	2838551	Candidatus Eisenbergiella merdavium	576
A0A9D2PL68	unreviewed	Ammonium transporter AmtB-like domain-containing protein	2838494	Candidatus Blautia merdavium	573
A0A9D2QIP9	unreviewed	Ammonium transporter AmtB-like domain-containing protein	2838549	Candidatus Eisenbergiella intestinigallinarum	585
A0A9D2RCJ7	unreviewed	Ammonium transporter AmtB-like domain-containing protein	2838502	Candidatus Blautia stercoripullorum	258
A0A9D2S172	unreviewed	Ammonium transporter AmtB-like domain-containing protein	2838751	Candidatus Ruthenibacterium avium	563
A0A9D2SC64	unreviewed	Ammonium transporter AmtB-like domain-containing protein	2838552	Candidatus Eisenbergiella merdigallinarum	576
A0A9D2TL68	unreviewed	Ammonium transporter AmtB-like domain-containing protein	2838752	Candidatus Ruthenibacterium merdavium	563
A0A9D5LWH3	unreviewed	Ammonium transporter AmtB-like domain-containing protein	2779355	Ructibacterium gallinarum	581
A0A9D5MBH6	unreviewed	Ammonium transporter AmtB-like domain-containing protein	1898207	Clostridiales bacterium	574
A0A9D5MJC7	unreviewed	Ammonium transporter AmtB-like domain-containing protein	1898207	Clostridiales bacterium	334
A0A9D5RG35	unreviewed	Ammonium transporter AmtB-like domain-containing protein	28121	Butyrivibrio sp.	589
A0A9D8S2E7	unreviewed	Ammonium transporter AmtB-like domain-containing protein	1898203	Lachnospiraceae bacterium	571
A0A9D8TW55	unreviewed	Ammonium transporter AmtB-like domain-containing protein	2044939	Clostridia bacterium	560
A0A9D8WSW2	unreviewed	Ammonium transporter AmtB-like domain-containing protein	166	Treponema sp.	564
A0A9D8X2Q0	unreviewed	Ammonium transporter AmtB-like domain-containing protein	1898203	Lachnospiraceae bacterium	598
A0A9D9DY70	unreviewed	Ammonium transporter AmtB-like domain-containing protein	2840899	Candidatus Ornithospirochaeta stercoripullorum	558
A0A9D9EKF2	unreviewed	Ammonium transporter AmtB-like domain-containing protein	2840705	Candidatus Avitreponema avistercoris	579
A0A9D9HPQ6	unreviewed	Ammonium transporter AmtB-like domain-containing protein	2840840	Candidatus Gallitreponema excrementavium	566
A0A9D9LYX6	unreviewed	Ammonium transporter AmtB-like domain-containing protein	1898206	Spirochaetaceae bacterium	565
A0A9D9PVL6	unreviewed	Ammonium transporter AmtB-like domain-containing protein	41978	Ruminococcus sp.	592
A0A9E0BIP8	unreviewed	Ammonium transporter AmtB-like domain-containing protein	2049031	Lachnospira sp.	585
A0A9E0CWJ9	unreviewed	Ammonium transporter AmtB-like domain-containing protein	1872530	Anaerostipes sp.	581
A0A9E0E141	unreviewed	Ammonium transporter AmtB-like domain-containing protein	2316022	Mediterraneibacter sp.	570
A0A9E0ZT81	unreviewed	Ammonium transporter AmtB-like domain-containing protein	1898207	Clostridiales bacterium	584
A0A9E1AU37	unreviewed	Ammonium transporter AmtB-like domain-containing protein	1898207	Clostridiales bacterium	574
A0A9E1B092	unreviewed	Ammonium transporter AmtB-like domain-containing protein	1971605	Faecalibacterium sp.	581
A0A9E1BBE4	unreviewed	Ammonium transporter AmtB-like domain-containing protein	1898207	Clostridiales bacterium	583
A0A9E1GPE1	unreviewed	Ammonium transporter AmtB-like domain-containing protein	1898203	Lachnospiraceae bacterium	577
A0A9E1HWM8	unreviewed	Ammonium transporter AmtB-like domain-containing protein	1898204	Clostridiaceae bacterium	573
A0A9E1LZN9	unreviewed	Ammonium transporter AmtB-like domain-containing protein	853	Faecalibacterium prausnitzii	580
A0A9E1M5L6	unreviewed	Ammonium transporter AmtB-like domain-containing protein	2049040	Roseburia sp.	591
A0A9E2KLD9	unreviewed	Ammonium transporter AmtB-like domain-containing protein	2838580	Candidatus Faecalibacterium intestinavium	580
A0A9E5G1P0	unreviewed	Ammonium transporter AmtB-like domain-containing protein	2044939	Clostridia bacterium	670
A0A9E5G8Q6	unreviewed	Ammonium transporter AmtB-like domain-containing protein	2044939	Clostridia bacterium	590
A0A9E5SGS8	unreviewed	Ammonium transporter AmtB-like domain-containing protein	1898204	Clostridiaceae bacterium	571
A0A9E5SQC1	unreviewed	Ammonium transporter AmtB-like domain-containing protein	2054177	Christensenellaceae bacterium	291
A0A9E5SYZ5	unreviewed	Ammonium transporter AmtB-like domain-containing protein	1898207	Clostridiales bacterium	582
A0A9E6F5C5	unreviewed	Ammonium transporter AmtB-like domain-containing protein	2049044	Erysipelotrichaceae bacterium	669
A0A9E7NER7	unreviewed	Ammonium transporter AmtB-like domain-containing protein	2953753	Natronosalvus rutilus	550
A0A9N6YWI2	unreviewed	Ammonium transporter AmtB-like domain-containing protein	2527867	Halorubrum sp. DM2	562
A0A9P1BFQ1	unreviewed	Ammonium transporter AmtB-like domain-containing protein	2562237	Cladocopium goreaui	566
A0A9Q4L4W6	unreviewed	Ammonium transporter AmtB-like domain-containing protein	2950540	Natrinema salsiterrestre	554
A0A9R1CQJ0	unreviewed	Ammonium transporter AmtB-like domain-containing protein	2841590	Natronomonas aquatica	567
A0A9X5BDZ9	unreviewed	Ammonium transporter AmtB-like domain-containing protein	2320879	Parablautia muri	581
A0A9X5CBN7	unreviewed	Ammonium transporter AmtB-like domain-containing protein	2044587	Schaedlerella arabinosiphila	583
A0A9X8CWY5	unreviewed	Ammonium transporter AmtB-like domain-containing protein	2293190	Ruminococcus sp. AM26-12LB	574
A0A9Y2E7Z6	unreviewed	Ammonium transporter AmtB-like domain-containing protein	3053904	Natrialbaceae archaeon AArc-T1-2	580
A0AA35G8C0	unreviewed	Ammonium transporter AmtB-like domain-containing protein	671077	Caldinitratiruptor microaerophilus	657
A0AA37EJA7	unreviewed	Ammonium transporter AmtB-like domain-containing protein	1226322	Oscillibacter sp. KLE 1728	574
A0AA37N4P2	unreviewed	Ammonium transporter AmtB-like domain-containing protein	2903556	Faecalibacterium gallinarum	580
A0AA41K7Q2	unreviewed	Ammonium transporter AmtB-like domain-containing protein	358743	Enterocloster citroniae	565
A0AA42DKQ7	unreviewed	Ammonium transporter AmtB-like domain-containing protein	3018743	Holtiella tumoricola	563
A0AA43LQL2	unreviewed	Ammonium transporter AmtB-like domain-containing protein	2940521	Breznakia sp. PFB1-11	555
A0AA51DY56	unreviewed	Ammonium transporter AmtB-like domain-containing protein	3070997	Anaerocolumna sp. MB42-C2	559
A0AA96PW81	unreviewed	Ammonium transporter AmtB-like domain-containing protein	3079882	Oscillospiraceae bacterium NTUH-002-81	569
A0AA97D792	unreviewed	Ammonium transporter AmtB-like domain-containing protein	3030016	Caproicibacterium argilliputei	593
A0AA97DUI0	unreviewed	Ammonium transporter AmtB-like domain-containing protein	3079303	Intestinibacillus sp. NTUH-41-i26	579
A0AAE0W0T3	unreviewed	Ammonium transporter AmtB-like domain-containing protein	2493646	Potamilus streckersoni	223
A0AAE3ASD5	unreviewed	Ammonium transporter AmtB-like domain-containing protein	2885361	Brotaphodocola catenula	569
A0AAE3D748	unreviewed	Ammonium transporter AmtB-like domain-containing protein	2981769	Waltera acetigignens	583
A0AAE3D9Q6	unreviewed	Ammonium transporter AmtB-like domain-containing protein	2885352	Hominiventricola filiformis	581
A0AAE3DG60	unreviewed	Ammonium transporter AmtB-like domain-containing protein	2885357	Hominenteromicrobium mulieris	575
A0AAE3DN91	unreviewed	Ammonium transporter AmtB-like domain-containing protein	2981770	Gallintestinimicrobium propionicum	597
A0AAE3E6Z3	unreviewed	Ammonium transporter AmtB-like domain-containing protein	2981768	Anthropogastromicrobium aceti	595
A0AAE3E9V9	unreviewed	Ammonium transporter AmtB-like domain-containing protein	2885348	Hominifimenecus microfluidus	579
A0AAE3FHJ3	unreviewed	Ammonium transporter AmtB-like domain-containing protein	3083063	Candidatus Colimorpha enterica	576
A0AAE3FVH7	unreviewed	Ammonium transporter AmtB-like domain-containing protein	2917812	Natronocalculus amylovorans	578
A0AAE3IFS2	unreviewed	Ammonium transporter AmtB-like domain-containing protein	2981726	Hominimerdicola aceti	553
A0AAE3IFX0	unreviewed	Ammonium transporter AmtB-like domain-containing protein	2981726	Hominimerdicola aceti	556
A0AAE3IK34	unreviewed	Ammonium transporter AmtB-like domain-containing protein	2981726	Hominimerdicola aceti	590
A0AAE3J6N2	unreviewed	Ammonium transporter AmtB-like domain-containing protein	2881276	Fusicatenibacter faecihominis	575
A0AAE3K2Z4	unreviewed	Ammonium transporter AmtB-like domain-containing protein	2917711	Natranaeroarchaeum aerophilus	596
A0AAE3TNI8	unreviewed	Ammonium transporter AmtB-like domain-containing protein	3037652	Haloarculaceae archaeon H-GB1-1	557
A0AAE5HBT0	unreviewed	Ammonium transporter AmtB-like domain-containing protein	2742718	Haloferacaceae archaeon YAN	578
A0AAF0PE89	unreviewed	Ammonium transporter AmtB-like domain-containing protein	121872	Natrinema thermotolerans	564
A0AAI9K111	unreviewed	Ammonium transporter AmtB-like domain-containing protein	33043	Coprococcus eutactus	564
A0AAJ1D443	unreviewed	Ammonium transporter AmtB-like domain-containing protein	1920505	Pleomorphochaeta sp.	556
A0AAJ2WED0	unreviewed	Ammonium transporter AmtB-like domain-containing protein	3101033	Candidatus Flemingiibacterium sp.	594
A0AAJ4RA85	unreviewed	Ammonium transporter AmtB-like domain-containing protein	2216012	Halosegnis longus	562
A0AAP2ULS0	unreviewed	Ammonium transporter AmtB-like domain-containing protein	1522	Clostridium innocuum	570
A0AAP2ZA37	unreviewed	Ammonium transporter AmtB-like domain-containing protein	2979988	Natronosalvus hydrolyticus	577
A0AAP3E1B7	unreviewed	Ammonium transporter AmtB-like domain-containing protein	2979990	Natronoglomus mannanivorans	593
A0AAP4EYC2	unreviewed	Ammonium transporter AmtB-like domain-containing protein	3044208	Fusibacillus kribbianus	570
A0AAP5KD54	unreviewed	Ammonium transporter AmtB-like domain-containing protein	71452	Enterococcus raffinosus	591
A0AAP9MGG7	unreviewed	Ammonium transporter AmtB-like domain-containing protein	1522	Clostridium innocuum	570
A0AAQ1R4F2	unreviewed	Ammonium transporter AmtB-like domain-containing protein	1531	Enterocloster clostridioformis	565
A0AAU8A953	unreviewed	Ammonium transporter AmtB-like domain-containing protein	1805714	Christensenella massiliensis	564
A0AAV3S8B5	unreviewed	Ammonium transporter AmtB-like domain-containing protein	489912	Halarchaeum salinum	606
A0AAV3S8M2	unreviewed	Ammonium transporter AmtB-like domain-containing protein	489912	Halarchaeum salinum	553
A0AAV3SSM3	unreviewed	Ammonium transporter AmtB-like domain-containing protein	425309	Halorubrum ejinorense	572
A0AAV3T0D2	unreviewed	Ammonium transporter AmtB-like domain-containing protein	555573	Salarchaeum japonicum	609
A0AAV3T9N5	unreviewed	Ammonium transporter AmtB-like domain-containing protein	926360	Natronoarchaeum mannanilyticum	573
A0AAV3UFU8	unreviewed	Ammonium transporter AmtB-like domain-containing protein	1008152	Haladaptatus pallidirubidus	570
A0AAW3JSL2	unreviewed	Ammonium transporter AmtB-like domain-containing protein	1703332	Butyribacter intestini	596
A0AAW4MRY2	unreviewed	Ammonium transporter AmtB-like domain-containing protein	100886	Catenibacterium mitsuokai	563
A0AAW4VYU4	unreviewed	Ammonium transporter AmtB-like domain-containing protein	2881264	Blautia fusiformis	574
A0AAW4W1P6	unreviewed	Ammonium transporter AmtB-like domain-containing protein	1628085	Agathobaculum butyriciproducens	575
A0AAW5BVA4	unreviewed	Ammonium transporter AmtB-like domain-containing protein	358742	Enterocloster aldenensis	564
A0AAW5CEX0	unreviewed	Ammonium transporter AmtB-like domain-containing protein	1737424	Blautia massiliensis (ex Durand et al. 2017)	574
A0AAW5JS35	unreviewed	Ammonium transporter AmtB-like domain-containing protein	1673721	Intestinimonas massiliensis (ex Afouda et al. 2020)	580
A0AAW5KIA1	unreviewed	Ammonium transporter AmtB-like domain-containing protein	1160721	Ruminococcus bicirculans (ex Wegman et al. 2014)	556
A0AAW5KKH1	unreviewed	Ammonium transporter AmtB-like domain-containing protein	1160721	Ruminococcus bicirculans (ex Wegman et al. 2014)	590
A0AAW6CZW8	unreviewed	Ammonium transporter AmtB-like domain-containing protein	39492	[Eubacterium] siraeum	594
A0AAW6E135	unreviewed	Ammonium transporter AmtB-like domain-containing protein	1160721	Ruminococcus bicirculans (ex Wegman et al. 2014)	556
A0AAW6E1G4	unreviewed	Ammonium transporter AmtB-like domain-containing protein	1160721	Ruminococcus bicirculans (ex Wegman et al. 2014)	553
A0AAW6E1L3	unreviewed	Ammonium transporter AmtB-like domain-containing protein	1160721	Ruminococcus bicirculans (ex Wegman et al. 2014)	590
A0AAW6E6L2	unreviewed	Ammonium transporter AmtB-like domain-containing protein	1160721	Ruminococcus bicirculans (ex Wegman et al. 2014)	553
A0AAW6E800	unreviewed	Ammonium transporter AmtB-like domain-containing protein	1160721	Ruminococcus bicirculans (ex Wegman et al. 2014)	556
A0AAW6EBC8	unreviewed	Ammonium transporter AmtB-like domain-containing protein	1160721	Ruminococcus bicirculans (ex Wegman et al. 2014)	590
A0AAW6EF18	unreviewed	Ammonium transporter AmtB-like domain-containing protein	1160721	Ruminococcus bicirculans (ex Wegman et al. 2014)	556
A0AAW6EG62	unreviewed	Ammonium transporter AmtB-like domain-containing protein	1160721	Ruminococcus bicirculans (ex Wegman et al. 2014)	590
A0AAW8SM42	unreviewed	Ammonium transporter AmtB-like domain-containing protein	33945	Enterococcus avium	591
A0AAW8STE1	unreviewed	Ammonium transporter AmtB-like domain-containing protein	71452	Enterococcus raffinosus	591
A0AAW9L200	unreviewed	Ammonium transporter AmtB-like domain-containing protein	3110269	Haloarculaceae archaeon H-GB2-1	557
A0AAW9L5U5	unreviewed	Ammonium transporter AmtB-like domain-containing protein	3110270	Haloarculaceae archaeon H-GB11	557
A0AAX0BFH2	unreviewed	Ammonium transporter AmtB-like domain-containing protein	39491	Agathobacter rectalis	585
A0AAX1QGG3	unreviewed	Ammonium transporter AmtB-like domain-containing protein	853	Faecalibacterium prausnitzii	580
A0AB35Y226	unreviewed	Ammonium transporter	3030638	Faecalibacterium taiwanense	581
A0AB35Y783	unreviewed	Ammonium transporter	2929491	Faecalibacterium wellingii	581
A0AB36TJM7	unreviewed	Nitrogen regulatory protein P-II family /ammonium transporter	1138384	Acetivibrio thermocellus AD2	584
A0AB37KHR9	unreviewed	Ammonium transporter	2291994	Absiella sp. AM09-50	562
A0AB37KPE9	unreviewed	Ammonium transporter	2293001	Clostridium sp. AF17-21AC	593
A0AB37ZZ00	unreviewed	Ammonium transporter	157076	Trichococcus collinsii	597
A0AB38A275	unreviewed	Ammonium transporter	157076	Trichococcus collinsii	588
A0AB38A2S9	unreviewed	Ammonium transporter, Amt family	157076	Trichococcus collinsii	559
A0AB38BEM7	unreviewed	Ammonium transporter	82803	Trichococcus flocculiformis	597
A0AB38BIZ4	unreviewed	Ammonium transporter, Amt family	82803	Trichococcus flocculiformis	559
A3DFJ8	unreviewed	Ammonium transporter AmtB-like domain-containing protein	203119	Acetivibrio thermocellus (strain ATCC 27405 / DSM 1237 / JCM 9322 / NBRC 103400 / NCIMB 10682 / NRRL B-4536 / VPI 7372)	584
A5KIW3	unreviewed	Ammonium transporter AmtB-like domain-containing protein	411460	[Ruminococcus] torques ATCC 27756	570
A5Z8F1	unreviewed	Ammonium transporter AmtB-like domain-containing protein	411463	Eubacterium ventriosum ATCC 27560	586
A5ZXR8	unreviewed	Ammonium transporter AmtB-like domain-containing protein	411459	Blautia obeum ATCC 29174	580
A6BJ79	unreviewed	Ammonium transporter AmtB-like domain-containing protein	411462	Dorea longicatena DSM 13814	584
A7VBU6	unreviewed	Ammonium transporter AmtB-like domain-containing protein	411489	Clostridium sp. L2-50	597
A7VSI5	unreviewed	Ammonium transporter AmtB-like domain-containing protein	428125	[Clostridium] leptum DSM 753	604
A8RR22	unreviewed	Ammonium transporter AmtB-like domain-containing protein	411902	Enterocloster bolteae (strain ATCC BAA-613 / DSM 15670 / CCUG 46953 / JCM 12243 / WAL 16351)	566
A8S9D1	unreviewed	Ammonium transporter AmtB-like domain-containing protein	411485	Faecalibacterium prausnitzii M21/2	579
A8U5C8	unreviewed	Ammonium transporter AmtB-like domain-containing protein	333990	Carnobacterium sp. AT7	590
B0MJN0	unreviewed	Ammonium transporter AmtB-like domain-containing protein	428128	[Eubacterium] siraeum DSM 15702	594
B1C9R7	unreviewed	Ammonium transporter AmtB-like domain-containing protein	445971	Anaerofustis stercorihominis DSM 17244	574
B5CSB8	unreviewed	Ammonium transporter AmtB-like domain-containing protein	471875	[Ruminococcus] lactaris ATCC 29176	586
B7ATM0	unreviewed	Ammonium transporter AmtB-like domain-containing protein	483218	[Bacteroides] pectinophilus ATCC 43243	566
B7CC80	unreviewed	Ammonium transporter AmtB-like domain-containing protein	518637	Holdemanella biformis DSM 3989	576
B9LU00	unreviewed	Ammonium transporter AmtB-like domain-containing protein	416348	Halorubrum lacusprofundi (strain ATCC 49239 / DSM 5036 / JCM 8891 / ACAM 34)	562
C0EAH3	unreviewed	Ammonium transporter AmtB-like domain-containing protein	537013	[Clostridium] methylpentosum DSM 5476	567
C0EZB6	unreviewed	Ammonium transporter AmtB-like domain-containing protein	411469	Anaerobutyricum hallii DSM 3353	556
C4Z544	unreviewed	Ammonium transporter AmtB-like domain-containing protein	515620	Lachnospira eligens (strain ATCC 27750 / DSM 3376 / VPI C15-48 / C15-B4)	582
C4ZEH3	unreviewed	Ammonium transporter AmtB-like domain-containing protein	515619	Agathobacter rectalis (strain ATCC 33656 / DSM 3377 / JCM 17463 / KCTC 5835 / VPI 0990)	585
C6LBD3	unreviewed	Ammonium transporter AmtB-like domain-containing protein	478749	Marvinbryantia formatexigens DSM 14469	614
C7H8L8	unreviewed	Nitrogen regulatory protein P-II	411483	Faecalibacterium duncaniae (strain DSM 17677 / JCM 31915 / A2-165)	580
D1PQI1	unreviewed	Ammonium transporter AmtB-like domain-containing protein	411471	Subdoligranulum variabile DSM 15176	577
D2RU19	unreviewed	Ammonium transporter AmtB-like domain-containing protein	543526	Haloterrigena turkmenica (strain ATCC 51198 / DSM 5511 / JCM 9101 / NCIMB 13204 / VKM B-1734 / 4k)	555
D3ASW2	unreviewed	Ammonium transporter AmtB-like domain-containing protein	566550	Hungatella hathewayi DSM 13479	568
D4JR11	unreviewed	Ammonium transporter AmtB-like domain-containing protein	657319	[Eubacterium] siraeum 70/3	506
D4LA49	unreviewed	Ammonium transporter AmtB-like domain-containing protein	213810	Ruminococcus champanellensis (strain DSM 18848 / JCM 17042 / KCTC 15320 / 18P13)	588
D4LUB7	unreviewed	Ammonium transporter AmtB-like domain-containing protein	657314	Blautia obeum A2-162	580
D4M2L1	unreviewed	Ammonium transporter AmtB-like domain-containing protein	657313	[Ruminococcus] torques L2-14	584
D4MIA0	unreviewed	Ammonium transporter AmtB-like domain-containing protein	717961	[Eubacterium] siraeum V10Sc8a	594
D4S279	unreviewed	Ammonium transporter AmtB-like domain-containing protein	511680	Eshraghiella crossota DSM 2876	541
D8J4C6	unreviewed	Ammonium transporter AmtB-like domain-containing protein	795797	Halalkalicoccus jeotgali (strain DSM 18796 / CECT 7217 / JCM 14584 / KCTC 4019 / B3)	550
E0RUI1	unreviewed	Ammonium transporter AmtB-like domain-containing protein	515622	Butyrivibrio proteoclasticus (strain ATCC 51982 / DSM 14932 / B316)	620
E2ZFN4	unreviewed	Ammonium transporter AmtB-like domain-containing protein	748224	Faecalibacterium cf. prausnitzii KLE1255	581
E5VHJ9	unreviewed	Ammonium transporter AmtB-like domain-containing protein	658089	Lachnospiraceae bacterium 5_1_63FAA	581
E6LDE7	unreviewed	Ammonium transporter AmtB-like domain-containing protein	888064	Enterococcus italicus (strain DSM 15952 / CCUG 50447 / LMG 22039 / TP 1.5)	541
E6UL18	unreviewed	Ammonium transporter AmtB-like domain-containing protein	697329	Ruminococcus albus (strain ATCC 27210 / DSM 20455 / JCM 14654 / NCDO 2250 / 7)	601
E8LEM6	unreviewed	Ammonium transporter AmtB-like domain-containing protein	626939	Phascolarctobacterium succinatutens YIT 12067	558
E9SE87	unreviewed	Ammonium transporter AmtB-like domain-containing protein	246199	Ruminococcus albus 8	584
F0RVD2	unreviewed	Ammonium transporter AmtB-like domain-containing protein	158189	Sphaerochaeta globosa (strain ATCC BAA-1886 / DSM 22777 / Buddy)	562
F1TCK5	unreviewed	Ammonium transporter AmtB-like domain-containing protein	588581	Ruminiclostridium papyrosolvens DSM 2782	558
F2JQ39	unreviewed	Ammonium transporter AmtB-like domain-containing protein	642492	Cellulosilyticum lentocellum (strain ATCC 49066 / DSM 5427 / NCIMB 11756 / RHM5)	566
F2NWX7	unreviewed	Ammonium transporter AmtB-like domain-containing protein	869209	Treponema succinifaciens (strain ATCC 33096 / DSM 2489 / 6091)	583
F3AS48	unreviewed	Ammonium transporter AmtB-like domain-containing protein	665950	Lachnospiraceae bacterium 3_1_46FAA	570
F4BMF2	unreviewed	Ammonium transporter AmtB-like domain-containing protein	208596	Carnobacterium sp. (strain 17-4)	589
F4LNJ2	unreviewed	Ammonium transporter AmtB-like domain-containing protein	906968	Treponema brennaborense (strain DSM 12168 / CIP 105900 / DD5/3)	580
F7JQQ0	unreviewed	Ammonium transporter AmtB-like domain-containing protein	658655	Lachnospiraceae bacterium 1_4_56FAA	572
F7V881	unreviewed	Ammonium transporter AmtB-like domain-containing protein	1042156	Clostridium sp. (strain SY8519)	582
F8D7H6	unreviewed	Ammonium transporter AmtB-like domain-containing protein	797210	Halopiger xanaduensis (strain DSM 18323 / JCM 14033 / SH-6)	558
G0VRF5	unreviewed	Ammonium transporter AmtB-like domain-containing protein	1064535	Megasphaera elsdenii DSM 20460	605
G0VS25	unreviewed	Ammonium transporter AmtB-like domain-containing protein	1064535	Megasphaera elsdenii DSM 20460	575
G1VN54	unreviewed	Ammonium transporter AmtB-like domain-containing protein	457422	Erysipelotrichaceae bacterium 2_2_44A	570
G5HMB9	unreviewed	Ammonium transporter AmtB-like domain-containing protein	742733	[Clostridium] citroniae WAL-17108	565
G8QQ37	unreviewed	Ammonium transporter AmtB-like domain-containing protein	158190	Sphaerochaeta pleomorpha (strain ATCC BAA-1885 / DSM 22778 / Grapes)	576
H1B9D4	unreviewed	Ammonium transporter AmtB-like domain-containing protein	469614	Erysipelotrichaceae bacterium 6_1_45	570
H1D386	unreviewed	Ammonium transporter AmtB-like domain-containing protein	742743	Dialister succinatiphilus YIT 11850	604
H2JF35	unreviewed	Ammonium transporter AmtB-like domain-containing protein	755731	Clostridium sp. BNL1100	558
H7EIN0	unreviewed	Ammonium transporter AmtB-like domain-containing protein	907348	Treponema saccharophilum DSM 2985	582
I0X9X8	unreviewed	Ammonium transporter AmtB-like domain-containing protein	1124982	Treponema sp. JC4	565
I5ASC3	unreviewed	Ammonium transporter AmtB-like domain-containing protein	633697	Eubacterium cellulosolvens (strain ATCC 43171 / JCM 9499 / 6)	579
I7CDY2	unreviewed	Ammonium transporter AmtB-like domain-containing protein	406552	Natrinema sp. (strain J7-2)	566
K1UX93	unreviewed	Ammonium transporter AmtB-like domain-containing protein	408170	human gut metagenome	390
L0AHQ0	unreviewed	Ammonium transporter AmtB-like domain-containing protein	797304	Natronobacterium gregoryi (strain ATCC 43098 / DSM 3393 / CCM 3738 / CIP 104747 / IAM 13177 / JCM 8860 / NBRC 102187 / NCIMB 2189 / SP2)	573
L0JT30	unreviewed	Ammonium transporter AmtB-like domain-containing protein	797303	Natrinema pellirubrum (strain DSM 15624 / CIP 106293 / JCM 10476 / NCIMB 786 / 157)	548
L0K3T3	unreviewed	Ammonium transporter AmtB-like domain-containing protein	694430	Natronococcus occultus SP4	621
L1QIL7	unreviewed	Ammonium transporter AmtB-like domain-containing protein	545697	Clostridium celatum DSM 1785	556
L7VT78	unreviewed	Ammonium transporter AmtB-like domain-containing protein	1121335	Thermoclostridium stercorarium (strain ATCC 35414 / DSM 8532 / NCIMB 11754)	286
L9VG40	unreviewed	Ammonium transporter AmtB-like domain-containing protein	1114856	Natronorubrum tibetense GA33	732
L9WB90	unreviewed	Ammonium transporter AmtB-like domain-containing protein	1230460	Natronorubrum sulfidifaciens JCM 14089	584
L9WHY3	unreviewed	Ammonium transporter AmtB-like domain-containing protein	1227500	Natronorubrum bangense JCM 10635	577
L9X2V2	unreviewed	Ammonium transporter AmtB-like domain-containing protein	1227499	Natronolimnohabitans innermongolicus JCM 12255	598
L9XEU2	unreviewed	Ammonium transporter AmtB-like domain-containing protein	1227497	Natronococcus amylolyticus DSM 10524	583
L9XS69	unreviewed	Ammonium transporter AmtB-like domain-containing protein	1227498	Natronococcus jeotgali DSM 18795	548
L9XTL3	unreviewed	Ammonium transporter AmtB-like domain-containing protein	1227496	Natrinema versiforme JCM 10478	557
L9YY28	unreviewed	Ammonium transporter AmtB-like domain-containing protein	1230459	Natrinema gari JCM 14663	566
L9YZJ4	unreviewed	Ammonium transporter AmtB-like domain-containing protein	1227495	Natrinema pallidum DSM 3751	566
L9ZG19	unreviewed	Ammonium transporter AmtB-like domain-containing protein	1227494	Natrinema altunense (strain JCM 12890 / CGMCC 1.3731 / AJ2)	566
L9ZNI9	unreviewed	Ammonium transporter AmtB-like domain-containing protein	1230458	Natrialba taiwanensis DSM 12281	571
L9ZWF4	unreviewed	Ammonium transporter AmtB-like domain-containing protein	1227493	Natrialba hulunbeirensis JCM 10989	587
M0AHA9	unreviewed	Ammonium transporter AmtB-like domain-containing protein	29540	Natrialba asiatica (strain ATCC 700177 / DSM 12278 / JCM 9576 / FERM P-10747 / NBRC 102637 / 172P1)	571
M0B6S6	unreviewed	Ammonium transporter AmtB-like domain-containing protein	1227491	Natrialba aegyptia DSM 13077	571
M0B7J9	unreviewed	Ammonium transporter AmtB-like domain-containing protein	1227492	Natrialba chahannaoensis JCM 10990	590
M0BW44	unreviewed	Ammonium transporter AmtB-like domain-containing protein	1227490	Halovivax asiaticus JCM 14624	591
M0C732	unreviewed	Ammonium transporter AmtB-like domain-containing protein	1230457	Natrinema limicola JCM 13563	568
M0CJN2	unreviewed	Ammonium transporter AmtB-like domain-containing protein	1227488	Haloterrigena salina JCM 13891	565
M0D7V4	unreviewed	Ammonium transporter AmtB-like domain-containing protein	1227486	Halorubrum terrestre JCM 10247	559
M0DV62	unreviewed	Ammonium transporter AmtB-like domain-containing protein	1227485	Halorubrum tebenquichense DSM 14210	555
M0E1M5	unreviewed	Ammonium transporter AmtB-like domain-containing protein	1227484	Halorubrum saccharovorum DSM 1137	559
M0EBA7	unreviewed	Ammonium transporter AmtB-like domain-containing protein	1227467	Halorubrum distributum JCM 9100	559
M0EBX9	unreviewed	Ammonium transporter AmtB-like domain-containing protein	1227466	Halorubrum coriense DSM 10284	560
M0EL38	unreviewed	Ammonium transporter AmtB-like domain-containing protein	1227465	Halorubrum californiense DSM 19288	572
M0EWN7	unreviewed	Ammonium transporter AmtB-like domain-containing protein	1227468	Halorubrum distributum JCM 10118	559
M0F7H2	unreviewed	Ammonium transporter AmtB-like domain-containing protein	1227481	Halorubrum hochstenium ATCC 700873	559
M0LRJ9	unreviewed	Ammonium transporter AmtB-like domain-containing protein	358396	Halobiforma lacisalsi AJ5	552
M0LYF4	unreviewed	Ammonium transporter AmtB-like domain-containing protein	1227454	Halobiforma nitratireducens JCM 10879	583
M0M6R9	unreviewed	Ammonium transporter AmtB-like domain-containing protein	1132509	Halococcus hamelinensis 100A6	573
M0MDP9	unreviewed	Ammonium transporter AmtB-like domain-containing protein	1227455	Halococcus saccharolyticus DSM 5350	572
M0NET8	unreviewed	Ammonium transporter AmtB-like domain-containing protein	1227456	Halococcus salifodinae DSM 8989	572
M0NRE6	unreviewed	Ammonium transporter AmtB-like domain-containing protein	1227482	Halorubrum lipolyticum DSM 21995	556
M0NRJ2	unreviewed	Ammonium transporter AmtB-like domain-containing protein	1227483	Halorubrum litoreum JCM 13561	559
M0P8Z5	unreviewed	Ammonium transporter AmtB-like domain-containing protein	1230454	Halorubrum aidingense JCM 13560	557
M0PEA5	unreviewed	Ammonium transporter AmtB-like domain-containing protein	1230456	Halorubrum kocurii JCM 14978	572
M0PKL9	unreviewed	Ammonium transporter AmtB-like domain-containing protein	1230455	Halorubrum arcis JCM 13916	559
M1XLN4	unreviewed	Ammonium transporter AmtB-like domain-containing protein	268739	Natronomonas moolapensis (strain DSM 18674 / CECT 7526 / JCM 14361 / 8.8.11)	557
N2A3D2	unreviewed	Ammonium transporter AmtB-like domain-containing protein	1235802	Eubacterium plexicaudatum ASF492	585
N9WDC4	unreviewed	Ammonium transporter AmtB-like domain-containing protein	999413	[Clostridium] innocuum 2959	570
R0AQW9	unreviewed	Ammonium transporter AmtB-like domain-containing protein	997897	Enterocloster bolteae 90B8	566
R0BZC3	unreviewed	Ammonium transporter AmtB-like domain-containing protein	999406	[Clostridium] clostridioforme 90A6	565
R0C600	unreviewed	Ammonium transporter AmtB-like domain-containing protein	997894	Enterocloster bolteae 90A9	566
R2RPW4	unreviewed	Ammonium transporter AmtB-like domain-containing protein	1158602	Enterococcus raffinosus ATCC 49464	591
R2SYZ8	unreviewed	Ammonium transporter AmtB-like domain-containing protein	1158607	Enterococcus pallens ATCC BAA-351	591
R4W0C0	unreviewed	Ammonium transporter AmtB-like domain-containing protein	1333523	Salinarchaeum sp. Harcht-Bsk1	562
R5A6V9	unreviewed	Ammonium transporter AmtB-like domain-containing protein	1262769	Clostridium sp. CAG:1013	572
R5CN13	unreviewed	Ammonium transporter AmtB-like domain-containing protein	1262993	Firmicutes bacterium CAG:791	583
R5E2R0	unreviewed	Ammonium transporter AmtB-like domain-containing protein	1262825	Clostridium sp. CAG:590	596
R5EA84	unreviewed	Ammonium transporter AmtB-like domain-containing protein	1262895	Eubacterium sp. CAG:86	579
R5EIE5	unreviewed	Ammonium transporter AmtB-like domain-containing protein	1263000	Firmicutes bacterium CAG:110	570
R5GVC5	unreviewed	Ammonium transporter AmtB-like domain-containing protein	1262893	Eubacterium sp. CAG:786	603
R5KIH9	unreviewed	Ammonium transporter AmtB-like domain-containing protein	1262831	Clostridium sp. CAG:678	577
R5L5K4	unreviewed	Ammonium transporter AmtB-like domain-containing protein	1262878	Eubacterium sp. CAG:115	336
R5LBW8	unreviewed	Ammonium transporter AmtB-like domain-containing protein	1263062	Eshraghiella crossota CAG:259	559
R5P5I7	unreviewed	Ammonium transporter AmtB-like domain-containing protein	1262891	Eubacterium sp. CAG:603	584
R5QL68	unreviewed	Ammonium transporter AmtB-like domain-containing protein	1263008	Firmicutes bacterium CAG:194	595
R5R1D4	unreviewed	Ammonium transporter AmtB-like domain-containing protein	1263108	[Ruminococcus] torques CAG:61	570
R5TYE5	unreviewed	Ammonium transporter AmtB-like domain-containing protein	1262949	Roseburia sp. CAG:50	585
R5VL39	unreviewed	Ammonium transporter AmtB-like domain-containing protein	1262777	Clostridium sp. CAG:167	548
R5W754	unreviewed	Ammonium transporter AmtB-like domain-containing protein	1262777	Clostridium sp. CAG:167	596
R5XFQ9	unreviewed	Ammonium transporter AmtB-like domain-containing protein	1263063	Intestinibacter bartlettii CAG:1329	567
R5Z6B8	unreviewed	Ammonium transporter AmtB-like domain-containing protein	1262943	Roseburia sp. CAG:197	533
R5ZQQ6	unreviewed	Ammonium transporter AmtB-like domain-containing protein	1263077	Lachnospira eligens CAG:72	580
R6A4Z9	unreviewed	Ammonium transporter AmtB-like domain-containing protein	1262870	Dialister sp. CAG:486	604
R6BW10	unreviewed	Ammonium transporter AmtB-like domain-containing protein	1262816	Clostridium sp. CAG:510	593
R6CGI3	unreviewed	Ammonium transporter AmtB-like domain-containing protein	1263031	Firmicutes bacterium CAG:56	570
R6CMY6	unreviewed	Ammonium transporter AmtB-like domain-containing protein	1262963	Ruminococcus sp. CAG:579	573
R6DHE6	unreviewed	Ammonium transporter AmtB-like domain-containing protein	1262782	Clostridium sp. CAG:230	573
R6IBW5	unreviewed	Ammonium transporter AmtB-like domain-containing protein	33025	Phascolarctobacterium faecium	564
R6J108	unreviewed	Ammonium transporter AmtB-like domain-containing protein	1262779	Clostridium sp. CAG:217	582
R6JST5	unreviewed	Ammonium transporter AmtB-like domain-containing protein	1263065	[Clostridium] clostridioforme CAG:132	565
R6KDR5	unreviewed	Ammonium transporter AmtB-like domain-containing protein	1262887	Eubacterium sp. CAG:252	588
R6LN08	unreviewed	Ammonium transporter AmtB-like domain-containing protein	1262785	Clostridium sp. CAG:253	596
R6NDC8	unreviewed	Ammonium transporter AmtB-like domain-containing protein	1263068	[Clostridium] leptum CAG:27	582
R6NWJ0	unreviewed	Ammonium transporter AmtB-like domain-containing protein	1262884	Eubacterium sp. CAG:202	566
R6PKN7	unreviewed	Ammonium transporter AmtB-like domain-containing protein	1262888	Eubacterium sp. CAG:274	579
R6QC20	unreviewed	Ammonium transporter AmtB-like domain-containing protein	1262886	Eubacterium sp. CAG:251	585
R6QDH8	unreviewed	Ammonium transporter AmtB-like domain-containing protein	1262898	Faecalibacterium sp. CAG:82	581
R6R7N2	unreviewed	Ammonium transporter AmtB-like domain-containing protein	1262761	Butyrivibrio sp. CAG:318	576
R6RQ59	unreviewed	Ammonium transporter AmtB-like domain-containing protein	1263080	[Eubacterium] siraeum CAG:80	594
R6TNB6	unreviewed	Ammonium transporter AmtB-like domain-containing protein	1262910	Oscillibacter sp. CAG:155	572
R6UG41	unreviewed	Ammonium transporter AmtB-like domain-containing protein	1263079	Agathobacter rectalis CAG:36	585
R6UK02	unreviewed	Ammonium transporter AmtB-like domain-containing protein	1262848	Clostridium sp. CAG:964	580
R6US11	unreviewed	Ammonium transporter AmtB-like domain-containing protein	3083063	Candidatus Colimorpha enterica	576
R6VAV9	unreviewed	Ammonium transporter AmtB-like domain-containing protein	1262946	Roseburia sp. CAG:380	586
R6X9G0	unreviewed	Ammonium transporter AmtB-like domain-containing protein	1263101	Phascolarctobacterium succinatutens CAG:287	558
R6Y261	unreviewed	Ammonium transporter AmtB-like domain-containing protein	1262989	Firmicutes bacterium CAG:94	503
R6Z2W0	unreviewed	Ammonium transporter AmtB-like domain-containing protein	1262945	Roseburia sp. CAG:309	591
R6ZEH0	unreviewed	Ammonium transporter AmtB-like domain-containing protein	1263027	Firmicutes bacterium CAG:534	595
R7A2M9	unreviewed	Ammonium transporter AmtB-like domain-containing protein	1262956	Ruminococcus sp. CAG:379	588
R7AMH0	unreviewed	Ammonium transporter AmtB-like domain-containing protein	1263051	Bacteroides pectinophilus CAG:437	566
R7BCN1	unreviewed	Ammonium transporter AmtB-like domain-containing protein	1263019	Firmicutes bacterium CAG:341	585
R7BFP2	unreviewed	Ammonium transporter AmtB-like domain-containing protein	1262991	Firmicutes bacterium CAG:882	222
R7BJQ0	unreviewed	Ammonium transporter AmtB-like domain-containing protein	1262991	Firmicutes bacterium CAG:882	592
R7C973	unreviewed	Ammonium transporter AmtB-like domain-containing protein	1262828	Clostridium sp. CAG:62	587
R7H891	unreviewed	Ammonium transporter AmtB-like domain-containing protein	1262889	Eubacterium sp. CAG:38	306
R7HV25	unreviewed	Ammonium transporter AmtB-like domain-containing protein	1262802	Clostridium sp. CAG:411	586
R7IPF6	unreviewed	Ammonium transporter AmtB-like domain-containing protein	1262944	Roseburia sp. CAG:303	574
R7K8S3	unreviewed	Ammonium transporter AmtB-like domain-containing protein	1262688	Acidaminococcus sp. CAG:917	588
R7N4H3	unreviewed	Ammonium transporter AmtB-like domain-containing protein	1262988	Firmicutes bacterium CAG:95	582
R7QYH5	unreviewed	Ammonium transporter AmtB-like domain-containing protein	1262942	Roseburia sp. CAG:182	571
R8VWI7	unreviewed	Ammonium transporter AmtB-like domain-containing protein	1203606	Butyricicoccus pullicaecorum 1.2	574
R9CFP3	unreviewed	Ammonium transporter AmtB-like domain-containing protein	1202534	Clostridium sartagoforme AAU1	579
R9IZI9	unreviewed	Ammonium transporter AmtB-like domain-containing protein	397288	Lachnospiraceae bacterium 3-1	585
R9J5N9	unreviewed	Ammonium transporter AmtB-like domain-containing protein	397287	Lachnospiraceae bacterium 28-4	584
R9JEE9	unreviewed	Ammonium transporter AmtB-like domain-containing protein	397291	Lachnospiraceae bacterium A4	599
R9K4R4	unreviewed	Ammonium transporter AmtB-like domain-containing protein	1235792	Lachnospiraceae bacterium M18-1	585
R9K7H3	unreviewed	Ammonium transporter AmtB-like domain-containing protein	397290	Lachnospiraceae bacterium A2	585
R9L422	unreviewed	Ammonium transporter AmtB-like domain-containing protein	1235793	Lachnospiraceae bacterium MD335	597
R9LN60	unreviewed	Ammonium transporter AmtB-like domain-containing protein	1235796	Firmicutes bacterium M10-2	565
R9LWT3	unreviewed	Ammonium transporter AmtB-like domain-containing protein	1235797	Oscillibacter sp. 1-3	572
R9MRV6	unreviewed	Ammonium transporter AmtB-like domain-containing protein	1235800	Lachnospiraceae bacterium 10-1	581
S0J415	unreviewed	Ammonium transporter AmtB-like domain-containing protein	1235790	Eubacterium sp. 14-2	585
S7IXM6	unreviewed	Ammonium transporter AmtB-like domain-containing protein	1273103	Megasphaera sp. NM10	575
U1NGR2	unreviewed	Ammonium transporter AmtB-like domain-containing protein	1238427	Halonotius sp. J07HN6	458
U1NXA4	unreviewed	Ammonium transporter AmtB-like domain-containing protein	1085028	halophilic archaeon J07HX64	573
U1QPB0	unreviewed	Ammonium transporter AmtB-like domain-containing protein	1070774	Halonotius sp. J07HN4	563
U2EDZ6	unreviewed	Ammonium transporter AmtB-like domain-containing protein	1226324	Blautia sp. KLE 1732	555
U2JMK8	unreviewed	Ammonium transporter AmtB-like domain-containing protein	411473	Ruminococcus callidus ATCC 27760	573
U2PGQ8	unreviewed	Ammonium transporter AmtB-like domain-containing protein	1256908	Eubacterium ramulus ATCC 29099	585
U2YQL0	unreviewed	Ammonium transporter AmtB-like domain-containing protein	1261545	Halarchaeum acidiphilum MH1-52-1	598
U3A921	unreviewed	Ammonium transporter AmtB-like domain-containing protein	1261545	Halarchaeum acidiphilum MH1-52-1	553
U5SA84	unreviewed	Ammonium transporter AmtB-like domain-containing protein	1266845	Carnobacterium inhibens subsp. gilichinskyi	593
V4HNV6	unreviewed	Ammonium transporter AmtB-like domain-containing protein	1324957	Candidatus Halobonum tyrrellensis G22	610
V4X658	unreviewed	Ammonium transporter AmtB-like domain-containing protein	1412871	uncultured archaeon A07HR67	548
V4XLV7	unreviewed	Ammonium transporter AmtB-like domain-containing protein	1412873	uncultured archaeon A07HN63	385
V4YAZ8	unreviewed	Ammonium transporter AmtB-like domain-containing protein	1412874	uncultured archaeon A07HR60	547
V7I8B0	unreviewed	Ammonium transporter AmtB-like domain-containing protein	994573	Youngiibacter fragilis 232.1	580
V8CC03	unreviewed	Ammonium transporter AmtB-like domain-containing protein	1073376	[Ruminococcus] lactaris CC59_002D	584
W0FHC4	unreviewed	Ammonium transporter AmtB-like domain-containing protein	1393427	uncultured bacterium Contig1450	579
W0FNN1	unreviewed	Ammonium transporter AmtB-like domain-containing protein	1393550	uncultured bacterium Contig29	585
W0JIB3	unreviewed	Ammonium transporter AmtB-like domain-containing protein	797299	Halostagnicola larsenii XH-48	584
W3ANU5	unreviewed	Ammonium transporter AmtB-like domain-containing protein	1165092	Lachnospiraceae bacterium JC7	584
W4V1Q8	unreviewed	Ammonium transporter AmtB-like domain-containing protein	1294263	Acetivibrio straminisolvens JCM 21531	356
W4V8S6	unreviewed	Ammonium transporter AmtB-like domain-containing protein	1294263	Acetivibrio straminisolvens JCM 21531	584
W7UD62	unreviewed	Ammonium transporter AmtB-like domain-containing protein	1341157	Ruminococcus flavefaciens 007c	602
